S_INFO_WINDCODE,S_VAL_MV
600938.SH,92089255.0730
601127.SH,12420908.6133
600703.SH,7244055.1916
601727.SH,7104392.9460
601916.SH,6866158.9908
601018.SH,6750672.7745
600026.SH,6593212.9779
600221.SH,6266266.7176
600023.SH,6047338.4698
001965.SZ,5737996.1786
603198.SH,5734400.0000
601825.SH,5564844.4448
301269.SZ,5374580.5614
688728.SH,5041655.8340
600256.SH,5009671.1711
600522.SH,4866866.2038
600236.SH,4414131.5691
000999.SZ,4359867.8080
002602.SZ,4359745.8263
600515.SH,4284491.1008
603605.SH,4182121.4543
688180.SH,4129054.8696
600733.SH,4068657.3134
002603.SZ,3787489.0874
600702.SH,3605636.9379
688122.SH,3220386.9116
603606.SH,3034200.2036
600779.SH,2851053.8415
601933.SH,2731586.1349
603613.SH,2710194.5904
603087.SH,2702690.9896
002607.SZ,2658149.1367
003022.SZ,2608364.3040
600004.SH,2570256.0553
000799.SZ,2451914.0831
600361.SH,2185441.1904
000516.SZ,2014381.2805
000628.SZ,1993904.8000
688063.SH,1985806.9472
300140.SZ,1972891.8936
688032.SH,1953795.3750
000980.SZ,1855657.5680
601333.SH,1834636.0830
000429.SZ,1697734.5743
000981.SZ,1689572.5801
688055.SH,1603333.3654
300376.SZ,1524997.5118
688177.SH,1508079.3600
000413.SZ,1380023.7373
688097.SH,1343963.1249
002992.SZ,1311053.0525
300446.SZ,1265253.5708
601107.SH,1207933.7000
301297.SZ,1180981.1000
001309.SZ,1099862.6336
002528.SZ,1030860.5705
001330.SZ,1021267.6051
603337.SH,1002747.3942
605011.SH,1001050.2000
301205.SZ,975155.9040
600376.SH,957018.7048
600567.SH,952230.7393
300053.SZ,951930.3252
300926.SZ,927387.0500
603629.SH,920592.4000
301377.SZ,917990.0000
002755.SZ,914237.9457
002426.SZ,898236.1247
601686.SH,897857.6602
600410.SH,882678.2198
300913.SZ,861769.9512
002127.SZ,859204.6411
600301.SH,850170.6918
000656.SZ,838335.3831
600851.SH,834076.1742
688197.SH,822120.5281
688698.SH,815595.7238
603178.SH,814438.9300
002668.SZ,809831.2367
002146.SZ,804410.3124
002855.SZ,798399.7697
603528.SH,790955.0655
600020.SH,788827.5130
603667.SH,784926.3795
688025.SH,783960.2691
300042.SZ,773143.2000
002997.SZ,766161.8213
002792.SZ,763908.2354
301091.SZ,763152.0000
605005.SH,759895.0000
603680.SH,755504.8914
603569.SH,745361.2806
605198.SH,740439.0000
603863.SH,738581.8500
301191.SZ,731419.4160
300592.SZ,714263.7839
600611.SH,711600.9821
300779.SZ,703974.3485
605598.SH,702384.4836
002665.SZ,693592.1902
605118.SH,690082.4685
688609.SH,685000.0000
002640.SZ,683980.1439
600609.SH,683135.4907
300280.SZ,679055.4674
600231.SH,675961.7645
300324.SZ,675487.9226
002512.SZ,674491.5848
603511.SH,672175.2870
603587.SH,670250.3399
605016.SH,668788.8480
688313.SH,667557.3872
600983.SH,665269.0520
688151.SH,665229.5000
605050.SH,659405.4442
600936.SH,658384.3382
603266.SH,658116.2558
301391.SZ,657356.0000
603773.SH,652282.0386
601020.SH,648729.4930
002552.SZ,643224.2437
601500.SH,640205.4584
300293.SZ,638971.1441
600894.SH,635500.7554
000721.SZ,632453.5674
002843.SZ,631796.5167
605133.SH,630909.1724
603590.SH,627040.0000
002672.SZ,618943.2491
688569.SH,613882.7638
002336.SZ,612040.0000
600190.SH,608696.6160
002383.SZ,608576.1707
002884.SZ,608060.2653
603110.SH,607704.7306
002786.SZ,605142.2520
301221.SZ,603712.1514
002771.SZ,599505.7978
300814.SZ,598936.9720
301085.SZ,594502.9085
603322.SH,588826.6262
002896.SZ,588056.2987
000523.SZ,587349.9075
000040.SZ,584341.4309
002922.SZ,583066.3396
603206.SH,582931.9771
600724.SH,580986.9105
601566.SH,580958.1587
688165.SH,578654.0200
002728.SZ,576624.4730
605319.SH,575357.5744
300608.SZ,574123.7695
603687.SH,566015.6725
600520.SH,565595.1000
600681.SH,564499.8750
002889.SZ,562093.0626
688488.SH,561745.0487
300063.SZ,554893.9152
000961.SZ,554851.0406
603929.SH,554309.2800
600551.SH,553583.6705
300025.SZ,553566.6991
600488.SH,552436.0034
605228.SH,550644.4800
301061.SZ,550400.0000
688258.SH,549565.6551
301312.SZ,547545.6263
002983.SZ,547204.5600
688625.SH,546859.2276
300503.SZ,546340.0123
605188.SH,543651.2600
603112.SH,542961.9791
300972.SZ,542821.7092
688566.SH,542671.0111
000409.SZ,541331.5616
300928.SZ,540800.0000
600897.SH,540763.3980
002501.SZ,539600.0000
603031.SH,538944.0000
300700.SZ,538828.8628
301368.SZ,538408.3000
600629.SH,537688.0451
002478.SZ,537238.1119
688365.SH,536539.1018
300797.SZ,536445.0000
600822.SH,536146.7200
003000.SZ,535870.1609
301366.SZ,535050.0036
603111.SH,534382.2104
000868.SZ,532704.8547
300796.SZ,531602.3076
600792.SH,531588.9732
603155.SH,530972.9480
600229.SH,530925.5280
603408.SH,529030.9650
002016.SZ,528339.4477
688160.SH,527268.0000
688230.SH,525554.4000
688108.SH,524390.0000
301311.SZ,523680.0000
301103.SZ,522751.5661
000037.SZ,522595.1707
300225.SZ,522471.2604
688579.SH,522013.0500
603950.SH,519905.8032
600088.SH,519802.2648
688283.SH,519540.0000
603357.SH,518902.2866
600545.SH,518494.5444
002694.SZ,518134.5792
600650.SH,517410.2804
301139.SZ,516110.4960
600698.SH,516007.1954
000096.SZ,515856.0000
605056.SH,515012.5000
002014.SZ,513880.6756
300606.SZ,512127.6350
300798.SZ,511726.0942
300426.SZ,511255.7500
603767.SH,509859.2380
605086.SH,509824.0000
000903.SZ,508368.5811
603889.SH,507243.0196
688219.SH,507050.3121
300094.SZ,506547.0966
688121.SH,505856.0008
688687.SH,504863.4786
600212.SH,504219.4875
300523.SZ,503893.1239
600279.SH,502044.4377
603758.SH,501983.8241
688093.SH,501100.5433
688280.SH,500507.9736
601188.SH,500033.8570
600826.SH,499549.6403
600708.SH,499214.6304
300795.SZ,498273.6695
688588.SH,498012.4537
600626.SH,496599.9948
688246.SH,496265.9108
300290.SZ,495151.0008
002406.SZ,493505.0789
300375.SZ,493262.3682
002116.SZ,492610.4019
000607.SZ,491548.3320
300840.SZ,490080.0000
600261.SH,489564.6375
600292.SH,488791.3731
688079.SH,488422.6675
000530.SZ,488220.0416
001298.SZ,488008.7520
601518.SH,487762.7176
002766.SZ,487428.0784
002827.SZ,486864.0000
300968.SZ,484894.7400
301398.SZ,484240.0000
603998.SH,481948.0475
002749.SZ,481858.6053
600825.SH,481693.2989
301255.SZ,481331.2000
600796.SH,480955.1001
300388.SZ,479488.0328
688618.SH,477726.5583
605179.SH,476388.0000
601368.SH,474156.5423
688510.SH,474132.0857
001319.SZ,473831.4000
002790.SZ,473449.3159
688010.SH,473174.0478
001300.SZ,472193.9454
688358.SH,472044.3008
002870.SZ,471510.0205
600679.SH,471494.2452
001223.SZ,471360.9200
688135.SH,470484.9882
601599.SH,470019.6935
601010.SH,469392.0000
603768.SH,469200.0000
688049.SH,468480.0000
300434.SZ,468433.3548
688087.SH,468369.3956
688628.SH,468183.8684
301004.SZ,467792.0000
688590.SH,466869.8570
300917.SZ,466440.0000
688282.SH,466400.0000
688302.SH,465571.3418
301093.SZ,464797.7611
603166.SH,464624.0201
002995.SZ,464398.3742
002846.SZ,464092.9678
603009.SH,463479.2750
301369.SZ,462563.3811
688787.SH,462090.8788
300654.SZ,461742.4084
301338.SZ,461350.4000
300609.SZ,459571.7210
688737.SH,458846.8530
603861.SH,458649.4157
605268.SH,456281.4450
000826.SZ,456113.0394
601366.SH,455399.3495
603230.SH,454984.1010
002029.SZ,454913.3400
002973.SZ,454844.0927
301277.SZ,454290.8400
002554.SZ,453891.0692
688418.SH,453241.0100
603211.SH,451744.8960
688468.SH,451526.0000
605098.SH,451060.2520
688101.SH,450404.1200
600592.SH,450296.8745
300135.SZ,448819.2000
301120.SZ,448700.7944
688195.SH,448456.4500
000802.SZ,448153.5596
688210.SH,447523.4068
002269.SZ,447225.0000
600829.SH,447094.1083
003028.SZ,446809.7615
002392.SZ,446434.0646
600676.SH,446365.9377
000753.SZ,446166.4820
300939.SZ,443280.0000
301132.SZ,442852.4100
300834.SZ,442245.3019
300051.SZ,441764.0175
301257.SZ,441636.3600
301062.SZ,441231.7636
605588.SH,440478.4162
301196.SZ,440044.8000
002750.SZ,439348.5000
600469.SH,439129.4243
301127.SZ,438720.9552
002341.SZ,437841.5450
600794.SH,437586.9287
000404.SZ,435693.4829
600168.SH,435675.7909
301086.SZ,435420.0000
688310.SH,434069.2359
300538.SZ,434057.7152
603551.SH,433836.0000
605006.SH,433537.8606
600853.SH,433363.3871
300491.SZ,432318.4625
301208.SZ,432300.2162
002228.SZ,432283.4639
300537.SZ,431609.6778
002255.SZ,431242.7802
301190.SZ,430131.5460
301270.SZ,429600.0000
301289.SZ,429000.0000
605128.SH,428806.2605
002002.SZ,427719.9099
000701.SZ,427424.7819
600345.SH,427284.0000
605277.SH,426890.0622
301282.SZ,426365.8497
603661.SH,425266.9808
301128.SZ,425069.7364
603516.SH,424454.3546
002173.SZ,424345.6841
600843.SH,424334.0556
605218.SH,423964.2523
002037.SZ,423398.1203
605289.SH,423192.2625
600613.SH,422450.6577
301201.SZ,422214.0257
300200.SZ,421922.7687
301230.SZ,420804.6241
688589.SH,420788.1017
300310.SZ,420551.1193
301356.SZ,419256.0000
688159.SH,418728.5548
600215.SH,418064.5591
002333.SZ,417778.4512
002471.SZ,417533.1600
603878.SH,417430.4159
300078.SZ,417199.6861
002282.SZ,416661.3828
603689.SH,416540.4152
000526.SZ,416201.0083
002849.SZ,415233.2181
300100.SZ,415018.5864
000570.SZ,414947.1941
000509.SZ,414227.4281
300550.SZ,414057.3424
002813.SZ,413880.0000
301256.SZ,413760.0000
002962.SZ,412452.2449
300448.SZ,411322.3840
300044.SZ,410961.6447
301218.SZ,410772.0800
603956.SH,410307.3379
600280.SH,409585.5280
002251.SZ,409490.4728
301028.SZ,409224.9600
002599.SZ,409103.4916
002374.SZ,409070.6224
002521.SZ,408115.8007
300469.SZ,408104.6267
600784.SH,408093.9753
600715.SH,408067.7700
603050.SH,407861.0754
603757.SH,407461.2018
000779.SZ,406321.7111
300173.SZ,405568.5853
300111.SZ,405471.3749
688071.SH,405263.5622
688799.SH,405216.0000
600052.SH,405213.4757
002795.SZ,405190.4569
603189.SH,405131.1685
002638.SZ,404894.2422
300210.SZ,404807.8807
300918.SZ,404281.1140
300554.SZ,403852.1363
000010.SZ,403361.7633
603669.SH,403172.3416
603535.SH,403053.2283
300938.SZ,402703.5178
000892.SZ,402201.9939
603168.SH,401911.3225
002616.SZ,401396.3577
603991.SH,401296.4292
605398.SH,401044.1057
002175.SZ,400909.1483
688683.SH,400359.0568
300786.SZ,400234.5368
301169.SZ,400208.3480
300528.SZ,400181.0500
603237.SH,399875.7560
603380.SH,399796.4915
605167.SH,399672.3000
603099.SH,399471.6600
000506.SZ,398548.6195
301021.SZ,398172.1747
688529.SH,398028.8000
605158.SH,397884.7600
002976.SZ,396373.2780
600824.SH,396314.1794
300625.SZ,395812.0270
002523.SZ,395242.7832
300275.SZ,395061.4633
002264.SZ,394517.7947
300945.SZ,394498.2497
300812.SZ,394262.5085
603390.SH,393537.7351
300572.SZ,393402.7790
300359.SZ,393300.0551
600638.SH,393263.7230
688670.SH,392515.2000
603173.SH,392480.0000
688260.SH,392400.0000
301159.SZ,392164.5000
301100.SZ,392000.0000
688136.SH,391823.7446
688028.SH,391357.4405
600805.SH,390560.5727
300983.SZ,390400.0000
301299.SZ,390240.0000
688682.SH,389970.2265
300921.SZ,389815.9522
301306.SZ,389252.8000
688057.SH,388884.0000
603015.SH,388858.6780
601113.SH,388661.5836
002835.SZ,388504.2579
688181.SH,388248.2233
688509.SH,388080.0000
301183.SZ,388000.0000
601999.SH,387843.9488
300071.SZ,387780.0518
603365.SH,387269.1790
300583.SZ,386802.6349
600630.SH,385774.3301
300805.SZ,385562.5300
688030.SH,385510.0791
301092.SZ,384769.8470
600743.SH,384760.5433
600834.SH,384292.4335
300238.SZ,384210.6107
603948.SH,384138.1800
000529.SZ,384134.0371
300540.SZ,384111.4877
688323.SH,383580.3410
002363.SZ,383531.6754
688398.SH,383380.0000
300880.SZ,383301.1814
301136.SZ,382534.6998
688039.SH,382308.1543
605196.SH,382121.9472
300697.SZ,381721.6000
300016.SZ,381249.4142
002676.SZ,380880.0000
001283.SZ,380525.7867
688558.SH,380424.0000
000558.SZ,380321.0650
000514.SZ,379696.9343
688786.SH,379529.2942
003016.SZ,379295.0136
300916.SZ,379256.5864
688551.SH,379191.7576
000710.SZ,378364.4580
600653.SH,377597.7815
600337.SH,377283.3469
301088.SZ,376656.0000
603388.SH,376548.0092
600605.SH,376465.4329
688170.SH,375920.3200
002490.SZ,375786.5964
000599.SZ,375709.1340
600706.SH,375192.9437
300707.SZ,375141.8042
300092.SZ,375000.9580
001318.SZ,374524.5000
002348.SZ,374144.0000
605389.SH,374050.0337
600644.SH,373650.0573
300577.SZ,373116.6585
601177.SH,372855.9200
600992.SH,372781.8900
002369.SZ,371923.3197
600178.SH,371835.6042
300695.SZ,371672.5293
603163.SH,371600.0000
603778.SH,371571.4281
300631.SZ,371482.6907
603278.SH,371235.7530
002868.SZ,370822.1871
301052.SZ,370784.6542
300905.SZ,370405.7874
603999.SH,370368.0000
301280.SZ,370283.3790
300466.SZ,370051.1664
605088.SH,370016.5406
002647.SZ,369558.1890
603116.SH,369344.7128
002561.SZ,368781.7810
301013.SZ,368612.7993
001332.SZ,368604.0000
301151.SZ,368380.4151
688118.SH,368053.2000
002674.SZ,368039.1724
603088.SH,367833.5136
605066.SH,367707.3480
300553.SZ,367473.6000
605162.SH,367232.4453
301187.SZ,366858.7909
601956.SH,365833.7844
603617.SH,365651.7001
600579.SH,365417.4930
301166.SZ,364953.3389
300993.SZ,364827.3408
002686.SZ,364091.7625
600558.SH,363529.9566
603106.SH,363322.9600
000850.SZ,363311.0285
002103.SZ,362771.3351
000911.SZ,362689.7551
301223.SZ,362500.4301
300864.SZ,361708.3200
601086.SH,361638.0000
603788.SH,361365.4102
000880.SZ,361139.4540
600725.SH,361113.7100
002823.SZ,360892.1125
300148.SZ,360866.5962
002712.SZ,360855.1193
002337.SZ,360232.8390
002877.SZ,359499.2985
688325.SH,359322.9572
301185.SZ,358690.3488
603037.SH,358182.1871
300711.SZ,358058.1608
301181.SZ,357552.0000
688662.SH,357372.0000
688228.SH,357171.4896
301138.SZ,357120.0000
300097.SZ,356647.3909
300801.SZ,356477.7600
002186.SZ,356275.8680
603697.SH,356267.5176
000020.SZ,355933.6623
688689.SH,355772.0537
002575.SZ,355764.0000
301188.SZ,355354.8900
300862.SZ,355125.7215
002355.SZ,354966.2688
600076.SH,354959.4489
301213.SZ,354879.9956
002682.SZ,354854.5828
301285.SZ,354852.3900
003019.SZ,354761.8317
301193.SZ,354432.0000
002198.SZ,354241.8739
301380.SZ,353405.0741
603933.SH,352975.4564
003007.SZ,352664.0000
603706.SH,352630.6135
002981.SZ,352320.0000
002350.SZ,351997.4881
002663.SZ,351994.5286
300719.SZ,351701.0835
603648.SH,351540.4160
600716.SH,351022.7213
688015.SH,350946.1801
002763.SZ,350894.9440
001207.SZ,350682.8856
002388.SZ,350299.4418
002634.SZ,349717.9146
600769.SH,349103.7732
301199.SZ,348684.1000
688633.SH,348629.2920
603028.SH,348466.5600
603739.SH,348420.7485
600173.SH,348151.6033
603020.SH,347979.8988
002418.SZ,347738.4000
300461.SZ,347615.4565
300622.SZ,347540.0304
301321.SZ,347514.8400
301137.SZ,347445.4074
300965.SZ,347280.0000
600101.SH,347260.5201
301265.SZ,347207.2666
301189.SZ,346872.4278
301115.SZ,346855.3350
300192.SZ,346587.9254
688338.SH,345599.6544
688285.SH,345434.1401
002306.SZ,345379.0000
002660.SZ,345213.9864
301319.SZ,345155.0400
603898.SH,344901.9651
600684.SH,344798.1321
600527.SH,344620.4195
603097.SH,344480.0000
300936.SZ,343363.2000
300414.SZ,342972.4782
603196.SH,342745.4163
300843.SZ,342427.5353
300190.SZ,342335.8870
001229.SZ,342100.0000
300822.SZ,342010.6875
600693.SH,341849.5747
300445.SZ,341799.8909
002593.SZ,341639.6623
603660.SH,341470.1783
002917.SZ,341357.1415
301038.SZ,341312.4000
688257.SH,341169.9200
688585.SH,341166.4259
603232.SH,339706.1959
301317.SZ,339373.2100
300380.SZ,338920.5463
603122.SH,338742.7907
600665.SH,338736.0282
300512.SZ,338628.2590
688199.SH,338463.1524
002040.SZ,338422.1932
603967.SH,337653.3755
603628.SH,337595.4000
002730.SZ,337458.4482
605500.SH,337321.6000
300424.SZ,337292.7454
003015.SZ,336998.9337
301396.SZ,336532.3950
300998.SZ,335927.4443
300780.SZ,335580.9600
300230.SZ,335460.6829
301318.SZ,335259.9600
300279.SZ,335033.1507
300508.SZ,335028.9024
603726.SH,334914.7648
300467.SZ,334881.6703
605580.SH,334600.0000
600113.SH,334274.6064
300964.SZ,334237.7800
300884.SZ,334152.0000
603326.SH,333883.4391
002343.SZ,333414.6796
603215.SH,333358.8609
300277.SZ,333325.0000
001216.SZ,333219.6441
300154.SZ,333086.3416
605080.SH,332979.7901
000790.SZ,332915.5589
300800.SZ,332329.6000
600386.SH,332236.8000
300306.SZ,331895.1321
600722.SH,331315.6822
603602.SH,331051.2583
688793.SH,330889.8632
688070.SH,330877.2400
001266.SZ,330827.7840
000153.SZ,330782.7851
300650.SZ,330718.6309
000978.SZ,330499.7800
603922.SH,330496.0000
301379.SZ,330267.0600
603817.SH,330233.1340
301112.SZ,330027.9338
603101.SH,329750.4000
603980.SH,329700.0000
300615.SZ,329639.3604
000610.SZ,329079.5824
301009.SZ,328950.6000
300989.SZ,328876.9290
300937.SZ,328615.0527
603052.SH,327873.2800
300425.SZ,327718.7612
300067.SZ,327686.1788
600333.SH,327658.5080
300988.SZ,327594.3286
300155.SZ,326634.5470
605058.SH,326581.2258
688125.SH,326545.4513
603836.SH,326324.0268
603600.SH,326249.6205
002457.SZ,325947.2160
603797.SH,325943.6891
688678.SH,325506.3689
688117.SH,325024.0000
600379.SH,324918.3390
688191.SH,324832.5495
300824.SZ,324709.9736
300730.SZ,324205.0482
603598.SH,324114.1090
605169.SH,323897.6000
002574.SZ,323664.0000
605055.SH,323400.0000
002722.SZ,322875.2839
600892.SH,322810.8365
603335.SH,322392.8838
603787.SH,321971.1622
301258.SZ,321670.0300
600354.SH,320903.6646
300096.SZ,320780.0000
605288.SH,320738.8289
301186.SZ,320429.8521
001299.SZ,320386.1225
605177.SH,320238.4000
000908.SZ,320237.8638
000798.SZ,320126.3730
300211.SZ,320099.8953
301111.SZ,320000.0000
002863.SZ,319774.1297
002598.SZ,319488.0000
300669.SZ,319313.0566
002732.SZ,319263.1500
002381.SZ,318971.2938
603095.SH,318780.0000
001238.SZ,318670.0000
688098.SH,318659.7440
603577.SH,318451.6149
002165.SZ,318371.8394
301110.SZ,318200.0016
600844.SH,318172.0871
301133.SZ,317441.0751
603779.SH,316444.4455
003002.SZ,316400.0000
688722.SH,316330.7136
603518.SH,316314.7854
301313.SZ,315698.5390
002713.SZ,315491.8090
301020.SZ,315345.6000
000782.SZ,315299.3549
600257.SH,315210.3581
603096.SH,315094.4513
002576.SZ,315010.8000
301160.SZ,314944.0014
301212.SZ,314928.0000
300987.SZ,314836.2880
300818.SZ,314820.7625
002796.SZ,314776.4042
001205.SZ,314769.2701
301005.SZ,314745.0393
688571.SH,314496.0000
001219.SZ,314223.8125
300690.SZ,314162.9461
301290.SZ,313742.8821
002693.SZ,313723.2108
300300.SZ,313542.3570
301011.SZ,313480.8040
688216.SH,313390.2300
001331.SZ,313320.0000
300952.SZ,312985.1901
300959.SZ,312880.0000
600721.SH,312761.1093
601996.SH,312755.0244
605166.SH,312406.9601
603909.SH,312286.4217
300977.SZ,312102.0453
000518.SZ,311955.5353
600865.SH,311903.2220
002331.SZ,311786.9212
301070.SZ,311672.5056
300514.SZ,311600.0000
002927.SZ,311582.5653
301106.SZ,311541.9791
300422.SZ,311506.4658
688265.SH,311464.2344
000715.SZ,311373.4861
600439.SH,311295.9960
603586.SH,311135.7619
605378.SH,311082.2200
688613.SH,310666.6682
603040.SH,310477.9450
300165.SZ,310190.3399
603839.SH,309788.6362
300915.SZ,309780.0000
605566.SH,309748.8200
300778.SZ,309683.0210
300701.SZ,309420.0000
000421.SZ,309370.1347
301083.SZ,309310.1339
603130.SH,309260.0000
002395.SZ,309244.9770
300584.SZ,308880.0000
002968.SZ,308842.1301
002671.SZ,308782.8569
600785.SH,308663.5910
301097.SZ,308648.4188
688456.SH,308595.8200
300534.SZ,308501.8650
300164.SZ,308454.3043
600262.SH,308380.0000
002451.SZ,308318.4000
301121.SZ,308064.6536
688060.SH,307995.9552
600191.SH,307931.8200
000545.SZ,307891.9260
301000.SZ,307584.9612
002496.SZ,307548.2941
603976.SH,307544.9473
601007.SH,307320.0000
002529.SZ,307060.0000
300963.SZ,307008.0000
300112.SZ,306864.0515
001206.SZ,306738.8275
688078.SH,306640.5440
300713.SZ,306486.7057
300898.SZ,306404.0000
688113.SH,306173.2406
600980.SH,305849.8580
300264.SZ,305477.9803
301331.SZ,305382.4151
000678.SZ,305182.2332
603121.SH,305018.8772
300530.SZ,304869.7506
300139.SZ,304688.0000
603066.SH,304612.0377
300731.SZ,304321.3522
001317.SZ,304152.0000
600249.SH,304150.0000
300637.SZ,304001.4184
300600.SZ,303944.2178
000663.SZ,303688.9040
600838.SH,303467.6596
002702.SZ,303444.9600
000593.SZ,303401.8336
301222.SZ,303290.8662
300350.SZ,303162.6408
600560.SH,303039.6525
002931.SZ,302968.2881
603917.SH,302780.8000
000533.SZ,302577.4080
301041.SZ,302544.4800
300018.SZ,301962.2046
600397.SH,301937.7640
603607.SH,301871.9088
603579.SH,301852.3338
688058.SH,301784.0000
002164.SZ,301742.4817
600540.SH,301734.6422
000419.SZ,301688.3735
300781.SZ,301537.1697
300247.SZ,301515.1174
001316.SZ,301475.0710
603856.SH,301344.4038
603385.SH,301178.1041
000017.SZ,301173.8157
603006.SH,301037.0320
600513.SH,300641.5207
301176.SZ,300600.5339
688386.SH,300510.0000
605028.SH,300480.0000
000759.SZ,300330.4815
300868.SZ,300160.0000
002679.SZ,299881.6320
300235.SZ,299830.2423
688316.SH,299618.1385
300826.SZ,299425.5107
603615.SH,299373.1600
002879.SZ,299316.8420
301012.SZ,299229.3990
688080.SH,299190.1869
000705.SZ,299040.3410
688286.SH,298886.1198
300245.SZ,298724.9908
603016.SH,298542.4000
301007.SZ,298399.6400
300668.SZ,298304.7945
300591.SZ,298170.2261
002172.SZ,297869.8880
600470.SH,297833.6000
300218.SZ,297706.1640
301335.SZ,297486.0000
300246.SZ,297380.6972
002394.SZ,297156.6000
000803.SZ,296928.3918
300056.SZ,296827.6411
001333.SZ,296704.0000
301072.SZ,296674.7552
603216.SH,296602.4800
300958.SZ,296545.6075
600774.SH,296507.5640
300004.SZ,296156.0500
301248.SZ,296035.8300
002909.SZ,295965.4469
603199.SH,295958.3200
300214.SZ,295952.8573
688577.SH,295868.5804
002403.SZ,295674.2866
600476.SH,295563.4500
003025.SZ,295548.3283
300486.SZ,295386.1439
301229.SZ,295040.0000
603176.SH,294929.5788
300150.SZ,294893.4507
300464.SZ,294601.6490
600272.SH,294516.0000
300943.SZ,294316.0800
603683.SH,294245.6956
603819.SH,293935.7525
002949.SZ,293863.3514
002725.SZ,293632.0000
002566.SZ,293223.1176
300563.SZ,293126.7053
300556.SZ,292731.4035
600830.SH,292583.8491
001222.SZ,292443.4800
600119.SH,292216.2960
300086.SZ,292050.0000
301108.SZ,292030.5055
600807.SH,291929.4612
300473.SZ,291885.0687
300599.SZ,291877.2271
301119.SZ,291824.0000
002290.SZ,291283.8754
300817.SZ,290947.8943
603289.SH,290838.3629
001212.SZ,290670.1301
603700.SH,290636.0600
300050.SZ,290403.3007
300828.SZ,290208.1416
001218.SZ,290178.6400
603336.SH,289746.7753
688175.SH,289682.0897
002972.SZ,289552.3576
301361.SZ,289443.9680
300694.SZ,289386.0171
603201.SH,289323.4728
300084.SZ,288959.0692
688312.SH,288827.9808
002787.SZ,288808.4638
600505.SH,288737.4600
603042.SH,288579.9425
002731.SZ,288431.6560
001268.SZ,287858.2018
002873.SZ,287278.7835
300501.SZ,287200.7534
000554.SZ,287033.6108
300543.SZ,286895.8814
300539.SZ,286702.5044
603677.SH,286682.4198
603458.SH,286503.1862
300107.SZ,286220.8125
605259.SH,286070.4000
002942.SZ,285948.0000
603679.SH,285888.2257
300419.SZ,285744.6793
600213.SH,285714.0000
000952.SZ,285656.9688
301227.SZ,285348.0000
603500.SH,284819.1802
002325.SZ,284555.3012
688255.SH,284534.4733
688156.SH,284316.0652
600322.SH,284164.9000
300837.SZ,283901.6864
002397.SZ,283795.3855
605336.SH,283742.1093
300198.SZ,283675.8485
603017.SH,283631.1398
301276.SZ,283500.0000
600858.SH,283436.2910
301033.SZ,283410.0598
301082.SZ,283209.7663
301126.SZ,283119.3147
002622.SZ,283080.0000
300879.SZ,283040.0000
605488.SH,282947.3907
600080.SH,282938.8760
301283.SZ,282800.0000
300412.SZ,282725.7698
300407.SZ,282562.0378
001255.SZ,282560.0000
603926.SH,282325.0131
301076.SZ,282231.3520
301365.SZ,282060.0000
000014.SZ,281741.8047
000677.SZ,281656.8110
002998.SZ,281358.9248
688189.SH,281260.0000
600506.SH,281115.7194
688051.SH,281031.7560
300922.SZ,281005.6704
600735.SH,280420.9552
301056.SZ,280392.7870
603311.SH,280230.0815
603682.SH,280192.5000
603036.SH,280168.1940
300932.SZ,280003.0583
301148.SZ,279942.4832
603048.SH,279512.6400
688600.SH,279147.5648
301309.SZ,279100.0000
300221.SZ,279040.0658
002272.SZ,278983.0680
002360.SZ,278831.3281
600423.SH,278744.5641
002989.SZ,278724.5341
600159.SH,278051.0827
300240.SZ,277943.9735
600463.SH,277800.0000
688226.SH,277368.0000
300242.SZ,277300.6329
002779.SZ,277200.0000
002133.SZ,277143.6147
300549.SZ,276947.1800
003036.SZ,276912.0000
300411.SZ,276840.1248
301016.SZ,276840.0000
002774.SZ,276757.4538
002952.SZ,276584.2200
000586.SZ,276425.7600
300652.SZ,276323.7022
300641.SZ,276137.1348
300967.SZ,276099.4762
603192.SH,276085.3340
301059.SZ,275766.7220
301045.SZ,275731.5615
300335.SZ,275713.1603
002420.SZ,275487.0000
300283.SZ,275391.3500
002442.SZ,275350.0200
688360.SH,275318.1813
603895.SH,275279.7600
000430.SZ,275276.0265
300692.SZ,275016.5641
003030.SZ,274765.5600
002887.SZ,274560.0000
300234.SZ,274531.1998
301298.SZ,274516.0000
300169.SZ,274152.8299
002347.SZ,274053.3359
300399.SZ,273873.6000
605258.SH,273856.0000
300176.SZ,273807.5256
688328.SH,273753.3700
002659.SZ,273414.1355
688115.SH,273347.0000
603089.SH,273231.3545
605151.SH,273209.2851
300991.SZ,273168.0000
301235.SZ,273081.6000
300489.SZ,272867.5590
603261.SH,272860.8297
000635.SZ,272356.1344
603023.SH,272046.6266
002687.SZ,271973.9076
301220.SZ,271811.2000
301019.SZ,271800.0000
603331.SH,271712.9095
002094.SZ,271522.7368
300157.SZ,271370.0081
000757.SZ,271152.4924
003018.SZ,270920.0000
002159.SZ,270561.8220
301022.SZ,270233.6000
300162.SZ,270171.2532
300756.SZ,269808.0773
000955.SZ,269735.8950
605122.SH,269734.0100
002319.SZ,269600.0000
688168.SH,269389.5519
301326.SZ,269279.2484
688619.SH,269271.2566
600749.SH,269181.1032
300269.SZ,269065.7743
300333.SZ,268800.0000
603585.SH,268743.0905
603843.SH,268655.3230
300195.SZ,268427.5837
003033.SZ,268385.2500
300074.SZ,268165.5545
002112.SZ,268107.8400
688718.SH,268103.0222
001230.SZ,267901.0019
600408.SH,267808.8000
300500.SZ,267747.3234
002370.SZ,267544.4794
002248.SZ,267521.1720
600854.SH,267521.1471
300340.SZ,267464.7850
688557.SH,267425.6000
603790.SH,266947.2000
600836.SH,266912.2757
301042.SZ,266064.0355
300651.SZ,265994.9960
605100.SH,265943.5800
600321.SH,265856.8000
300839.SZ,265588.4330
688314.SH,265570.8533
600573.SH,265000.0000
002134.SZ,264780.2001
300517.SZ,264706.8175
002858.SZ,264535.9156
603280.SH,264512.2675
000565.SZ,264491.2542
301063.SZ,264345.7139
600714.SH,264257.6423
002084.SZ,264249.0175
603721.SH,264030.0000
605001.SH,264019.3920
002875.SZ,263913.0364
605033.SH,263504.8000
300597.SZ,263302.6490
300950.SZ,263100.0000
000548.SZ,263086.7324
002898.SZ,262944.0000
300484.SZ,262856.0340
002513.SZ,262503.2672
600661.SH,262478.7283
002012.SZ,262337.8887
301158.SZ,262246.1694
603578.SH,262058.7675
603177.SH,262031.4500
002817.SZ,262009.9969
300519.SZ,261920.0000
600355.SH,261791.4544
688229.SH,261471.6000
301066.SZ,260867.7859
688511.SH,260800.0000
003042.SZ,260453.4400
300557.SZ,260430.3155
001296.SZ,260415.9508
600833.SH,260341.7669
301006.SZ,260035.7600
001256.SZ,259840.0807
001288.SZ,259680.0000
603488.SH,259579.5012
300153.SZ,259520.0000
603937.SH,259428.9600
301388.SZ,259294.8756
002888.SZ,258977.8181
002853.SZ,258921.3342
001226.SZ,258645.4488
002999.SZ,258608.4480
300720.SZ,258407.2415
002798.SZ,258317.9452
301135.SZ,258064.8620
301118.SZ,258034.7300
600753.SH,257944.0360
300851.SZ,257583.6642
603086.SH,257409.3807
300980.SZ,257399.7640
002811.SZ,257080.7938
301077.SZ,257040.0000
601798.SH,257032.9436
300901.SZ,256800.0000
301237.SZ,256800.0000
301226.SZ,256768.0000
002066.SZ,256641.0000
688288.SH,256579.4034
300141.SZ,256169.5614
688355.SH,256093.2448
002571.SZ,255943.8071
603102.SH,255936.0000
300885.SZ,255816.0000
300588.SZ,255805.2961
002743.SZ,255502.5966
300030.SZ,255388.7222
300371.SZ,255143.5313
603151.SH,255024.0000
688611.SH,254814.5600
300808.SZ,254560.0000
603685.SH,254522.3342
688622.SH,254371.3002
300295.SZ,254369.3438
603928.SH,254016.0000
300807.SZ,253923.7387
002495.SZ,253554.5376
300876.SZ,253536.3697
301279.SZ,253400.0000
300889.SZ,253344.0000
301161.SZ,253320.0000
300670.SZ,253219.4627
688056.SH,252876.1004
301259.SZ,252876.0000
002628.SZ,252871.5386
688026.SH,252373.0696
603321.SH,252354.0000
688656.SH,252170.2537
603988.SH,252134.4000
002377.SZ,251989.4303
600192.SH,251796.3600
300515.SZ,251694.0115
003010.SZ,251631.4524
300562.SZ,251605.3781
603150.SH,251597.0700
300605.SZ,251481.1466
603656.SH,251224.2405
605567.SH,251200.0000
603286.SH,251125.7364
301231.SZ,250668.0000
300810.SZ,250384.0500
688393.SH,250293.5948
002136.SZ,250283.2800
301002.SZ,250053.1260
603798.SH,250038.4088
002072.SZ,250022.4000
300930.SZ,250000.0000
603903.SH,249702.4514
688011.SH,249600.0000
002760.SZ,249453.9109
603080.SH,249040.0000
301065.SZ,248934.9600
603238.SH,248512.6000
301003.SZ,248326.7058
002098.SZ,248094.0000
300892.SZ,248000.0000
605189.SH,247857.8395
002802.SZ,247748.4044
300710.SZ,247730.8470
002775.SZ,247557.8894
002486.SZ,247104.0000
301192.SZ,247052.7000
605255.SH,246841.2800
002492.SZ,246645.0000
301068.SZ,246624.0000
000820.SZ,246613.9009
002871.SZ,246543.7479
603963.SH,246503.4000
600148.SH,246380.1395
300281.SZ,246327.0650
003041.SZ,245952.0000
000695.SZ,245917.3257
301130.SZ,245724.7907
301067.SZ,245618.1360
003027.SZ,245603.6664
300883.SZ,245314.0000
300254.SZ,245242.8414
300935.SZ,245043.6478
001234.SZ,245013.4099
300789.SZ,244987.4493
300956.SZ,244729.5629
605180.SH,244543.0000
603789.SH,244418.9580
605287.SH,244300.0000
600287.SH,243999.4735
600358.SH,243884.4068
600969.SH,243493.2185
002231.SZ,243488.7119
300611.SZ,243369.1060
301197.SZ,243249.7200
603829.SH,243200.0000
300947.SZ,243154.4925
301234.SZ,243100.0000
301107.SZ,242880.6000
600802.SH,242871.6520
300610.SZ,242871.4116
688227.SH,242842.7307
300175.SZ,242462.0000
300649.SZ,242454.8111
301182.SZ,242428.9010
002842.SZ,242263.0281
300949.SZ,242100.0000
603182.SH,242053.0500
300927.SZ,241803.0000
300844.SZ,241753.6000
600097.SH,241659.3687
300689.SZ,241604.0000
688218.SH,241354.0381
603879.SH,241322.9779
600538.SH,241131.2401
603822.SH,241112.0469
603041.SH,241022.3627
603029.SH,240863.8700
300819.SZ,240816.8700
603183.SH,240502.6325
301036.SZ,240300.0000
002748.SZ,240240.0000
301008.SZ,239920.0000
003004.SZ,239882.8442
300270.SZ,239822.3742
603221.SH,239760.0000
002963.SZ,239523.3685
003011.SZ,238619.0240
300022.SZ,238435.3824
300076.SZ,237864.0000
301113.SZ,237720.0000
603079.SH,237610.2737
002767.SZ,237600.0000
603059.SH,237407.9224
688069.SH,237180.1907
688685.SH,237045.4674
300746.SZ,237025.2444
300960.SZ,236920.7690
300897.SZ,236640.0000
002806.SZ,236384.9954
605318.SH,235737.3524
603269.SH,235659.5124
002789.SZ,235604.3067
301055.SZ,235248.0000
605298.SH,235101.5000
301032.SZ,234863.9316
301049.SZ,234690.8017
603838.SH,234571.7280
600712.SH,234201.8048
002105.SZ,234149.7600
002828.SZ,233949.5664
301178.SZ,233816.8560
600356.SH,233309.2062
002893.SZ,233017.2000
688466.SH,232941.1953
300243.SZ,232637.7453
300334.SZ,232590.3241
300658.SZ,232269.3453
301131.SZ,232019.6800
301163.SZ,231907.2000
603716.SH,231607.7219
301359.SZ,231424.6400
301023.SZ,231337.0328
605069.SH,231173.9736
301198.SZ,231023.0000
002826.SZ,230910.7553
000619.SZ,230760.0000
002857.SZ,230400.0000
300621.SZ,230110.7102
301075.SZ,230000.0000
603696.SH,229790.4000
300955.SZ,229622.4000
002114.SZ,229610.6396
603214.SH,229604.6734
603188.SH,229208.3400
603655.SH,229172.0000
688163.SH,229101.7400
301081.SZ,228970.8720
300838.SZ,228935.8955
003001.SZ,228812.8672
301233.SZ,228372.3900
300912.SZ,228203.6480
603159.SH,228200.0000
001209.SZ,227928.8738
603616.SH,227747.0760
300564.SZ,227671.8400
001336.SZ,227457.0050
002357.SZ,227279.5511
301043.SZ,227120.0000
001210.SZ,226942.7901
603329.SH,226545.0903
688669.SH,226408.0012
605155.SH,226046.6650
300675.SZ,226013.3847
300743.SZ,225075.1836
600202.SH,225020.9745
001202.SZ,224756.0000
600281.SH,224279.2829
300753.SZ,224239.3920
600051.SH,223833.6000
002809.SZ,223681.7961
000573.SZ,223398.2114
600615.SH,222804.3020
603161.SH,222778.0000
000608.SZ,222724.2528
301288.SZ,222716.6200
688597.SH,222603.0170
603828.SH,222293.1389
300845.SZ,222281.9282
002718.SZ,222278.2788
300948.SZ,222195.8700
603900.SH,222088.8768
603506.SH,221953.3348
603725.SH,221190.5760
300877.SZ,221160.0000
603332.SH,220890.4749
002696.SZ,220632.7609
301001.SZ,220080.0000
300387.SZ,219972.3907
600193.SH,219917.8410
002715.SZ,219420.0000
300385.SZ,219210.0233
003008.SZ,219200.0000
000985.SZ,219090.7550
600692.SH,218797.2478
002820.SZ,218745.5733
688501.SH,218697.1670
600689.SH,218678.5812
002691.SZ,218620.0000
600082.SH,218387.1492
300126.SZ,218241.5568
605003.SH,218130.0000
002278.SZ,217981.8792
300920.SZ,217800.0000
000590.SZ,217679.3817
002921.SZ,217634.9375
000605.SZ,217237.6976
600250.SH,217105.1214
001259.SZ,216940.0418
301228.SZ,216720.0000
603045.SH,216712.2480
688217.SH,216609.1647
603810.SH,216361.3001
003023.SZ,216266.3048
688329.SH,215774.0000
301053.SZ,215663.0950
001231.SZ,215500.0000
002199.SZ,214959.6065
603657.SH,214738.6088
688109.SH,214608.7406
300462.SZ,214097.7102
300907.SZ,213984.0000
600128.SH,213947.4225
603608.SH,213630.4029
300970.SZ,213496.2546
603955.SH,213351.8400
605178.SH,213093.1852
600232.SH,212995.6297
600099.SH,212984.6400
300865.SZ,212983.6800
002910.SZ,212942.3489
688350.SH,212785.4725
603090.SH,212700.0000
300103.SZ,212475.0690
300152.SZ,212414.4000
603717.SH,212387.0477
000953.SZ,212350.8731
300971.SZ,212184.0000
688517.SH,212023.6616
600593.SH,211489.6000
301010.SZ,211140.0000
301156.SZ,211008.0000
603637.SH,210781.7926
300816.SZ,210480.0000
603268.SH,210217.7784
000638.SZ,209784.9719
600235.SH,209726.1000
300509.SZ,209554.8000
000632.SZ,209483.8065
600791.SH,208777.6800
300117.SZ,208577.1600
603038.SH,208534.7693
603226.SH,207607.1937
300906.SZ,207280.0000
301037.SZ,207123.0775
301209.SZ,206960.0000
300262.SZ,206958.0027
002591.SZ,206837.4445
600857.SH,206822.9653
600149.SH,206426.8800
688395.SH,206228.0000
600793.SH,206093.1623
002209.SZ,205796.0377
300521.SZ,205776.0000
002144.SZ,205221.2950
688171.SH,205161.0566
688090.SH,205112.9905
600889.SH,204787.4196
002861.SZ,204705.6582
301300.SZ,204702.6500
002862.SZ,204360.0000
301057.SZ,204246.3117
300823.SZ,204239.4957
300644.SZ,203958.3568
003003.SZ,203858.3347
688335.SH,203822.8826
600444.SH,203819.3293
000702.SZ,203468.8445
603958.SH,203432.7000
600448.SH,203431.7508
300931.SZ,203403.6620
603536.SH,203297.7513
603139.SH,203255.8000
600319.SH,203159.7172
002780.SZ,203130.2695
688616.SH,202800.0000
000856.SZ,202711.0000
002719.SZ,202698.3279
688129.SH,202042.9476
002205.SZ,201639.9024
301079.SZ,201525.7304
600243.SH,201432.1500
301273.SZ,201313.4355
002620.SZ,201204.3020
688655.SH,201018.7300
300703.SZ,200595.7261
603320.SH,199972.7348
300640.SZ,199969.5533
000679.SZ,199584.0000
600234.SH,198990.8975
600421.SH,198925.2000
600107.SH,198360.0000
603022.SH,198200.0000
300992.SZ,197944.2485
688659.SH,197920.0000
600697.SH,197428.3011
000890.SZ,197166.8650
002494.SZ,196956.1948
000622.SZ,196879.6380
600778.SH,195616.5691
002899.SZ,195360.0000
603499.SH,195319.9932
600678.SH,195085.4100
002247.SZ,194849.2412
603729.SH,194796.4060
300984.SZ,194611.9349
301125.SZ,194611.2000
600883.SH,194300.4240
002848.SZ,193894.0000
600156.SH,193817.3584
605303.SH,193807.3644
300594.SZ,193677.6646
002188.SZ,193660.5367
002830.SZ,193476.3400
002207.SZ,192872.7582
002836.SZ,192844.8000
300923.SZ,192805.8000
300961.SZ,192703.3600
301024.SZ,192217.4550
301040.SZ,192200.7803
002295.SZ,191971.8560
300716.SZ,191863.9800
603860.SH,191838.3600
600302.SH,191689.4314
300749.SZ,191423.9460
301167.SZ,191296.0000
300106.SZ,191255.7406
688193.SH,190840.0000
300449.SZ,190289.1776
003017.SZ,190260.0000
300995.SZ,190117.4400
002890.SZ,189737.4864
301105.SZ,188650.0000
000609.SZ,188238.0133
301098.SZ,186436.8000
301027.SZ,186402.2898
002883.SZ,185983.1847
688528.SH,185808.0000
688379.SH,185659.8118
688092.SH,185486.4306
300626.SZ,185400.0000
603580.SH,185033.2512
688296.SH,184501.4489
300013.SZ,184035.0914
002629.SZ,183392.1600
300329.SZ,183091.4767
000929.SZ,182979.5100
600137.SH,182866.2830
603356.SH,182809.1400
300886.SZ,182808.8600
603272.SH,182798.0280
688004.SH,182612.0000
300163.SZ,182490.0000
688013.SH,182032.0108
300535.SZ,181587.9253
300836.SZ,181403.8912
300736.SZ,181311.8702
300635.SZ,181035.6160
301336.SZ,180880.0000
603021.SH,180770.6596
603316.SH,180492.3120
600847.SH,180419.2698
600493.SH,180064.0000
002193.SZ,180060.2984
300899.SZ,179933.1576
300717.SZ,179856.2500
300069.SZ,179595.0000
688607.SH,179430.6990
300854.SZ,179327.1090
600561.SH,177798.0000
300849.SZ,177600.0000
002778.SZ,177523.9459
300405.SZ,176879.8014
001211.SZ,176400.0000
688021.SH,176206.5715
603813.SH,175165.0250
688679.SH,174752.1987
000668.SZ,174154.4815
002058.SZ,173859.3784
688081.SH,173416.3200
600083.SH,172960.0000
603709.SH,170592.0000
300665.SZ,169220.2334
002652.SZ,166932.8640
688038.SH,166181.2152
688067.SH,164764.0000
600539.SH,164450.0000
300417.SZ,164012.1120
300321.SZ,163836.0000
002633.SZ,162750.0000
000691.SZ,161311.7300
603389.SH,161066.9760
688681.SH,160668.4500
300929.SZ,159748.7438
605081.SH,158432.6537
688178.SH,158201.0724
688367.SH,155737.7323
600455.SH,152272.6040
300478.SZ,151374.2350
002856.SZ,148438.1504
688096.SH,147716.4393
600768.SH,146854.4256
688215.SH,145185.0400
688565.SH,134663.2182
688701.SH,127429.2260
