time,time_tag
93000,09:30:00
93003,09:30:03
93006,09:30:06
93009,09:30:09
93012,09:30:12
93015,09:30:15
93018,09:30:18
93021,09:30:21
93024,09:30:24
93027,09:30:27
93030,09:30:30
93033,09:30:33
93036,09:30:36
93039,09:30:39
93042,09:30:42
93045,09:30:45
93048,09:30:48
93051,09:30:51
93054,09:30:54
93057,09:30:57
93100,09:31:00
93103,09:31:03
93106,09:31:06
93109,09:31:09
93112,09:31:12
93115,09:31:15
93118,09:31:18
93121,09:31:21
93124,09:31:24
93127,09:31:27
93130,09:31:30
93133,09:31:33
93136,09:31:36
93139,09:31:39
93142,09:31:42
93145,09:31:45
93148,09:31:48
93151,09:31:51
93154,09:31:54
93157,09:31:57
93200,09:32:00
93203,09:32:03
93206,09:32:06
93209,09:32:09
93212,09:32:12
93215,09:32:15
93218,09:32:18
93221,09:32:21
93224,09:32:24
93227,09:32:27
93230,09:32:30
93233,09:32:33
93236,09:32:36
93239,09:32:39
93242,09:32:42
93245,09:32:45
93248,09:32:48
93251,09:32:51
93254,09:32:54
93257,09:32:57
93300,09:33:00
93303,09:33:03
93306,09:33:06
93309,09:33:09
93312,09:33:12
93315,09:33:15
93318,09:33:18
93321,09:33:21
93324,09:33:24
93327,09:33:27
93330,09:33:30
93333,09:33:33
93336,09:33:36
93339,09:33:39
93342,09:33:42
93345,09:33:45
93348,09:33:48
93351,09:33:51
93354,09:33:54
93357,09:33:57
93400,09:34:00
93403,09:34:03
93406,09:34:06
93409,09:34:09
93412,09:34:12
93415,09:34:15
93418,09:34:18
93421,09:34:21
93424,09:34:24
93427,09:34:27
93430,09:34:30
93433,09:34:33
93436,09:34:36
93439,09:34:39
93442,09:34:42
93445,09:34:45
93448,09:34:48
93451,09:34:51
93454,09:34:54
93457,09:34:57
93500,09:35:00
93503,09:35:03
93506,09:35:06
93509,09:35:09
93512,09:35:12
93515,09:35:15
93518,09:35:18
93521,09:35:21
93524,09:35:24
93527,09:35:27
93530,09:35:30
93533,09:35:33
93536,09:35:36
93539,09:35:39
93542,09:35:42
93545,09:35:45
93548,09:35:48
93551,09:35:51
93554,09:35:54
93557,09:35:57
93600,09:36:00
93603,09:36:03
93606,09:36:06
93609,09:36:09
93612,09:36:12
93615,09:36:15
93618,09:36:18
93621,09:36:21
93624,09:36:24
93627,09:36:27
93630,09:36:30
93633,09:36:33
93636,09:36:36
93639,09:36:39
93642,09:36:42
93645,09:36:45
93648,09:36:48
93651,09:36:51
93654,09:36:54
93657,09:36:57
93700,09:37:00
93703,09:37:03
93706,09:37:06
93709,09:37:09
93712,09:37:12
93715,09:37:15
93718,09:37:18
93721,09:37:21
93724,09:37:24
93727,09:37:27
93730,09:37:30
93733,09:37:33
93736,09:37:36
93739,09:37:39
93742,09:37:42
93745,09:37:45
93748,09:37:48
93751,09:37:51
93754,09:37:54
93757,09:37:57
93800,09:38:00
93803,09:38:03
93806,09:38:06
93809,09:38:09
93812,09:38:12
93815,09:38:15
93818,09:38:18
93821,09:38:21
93824,09:38:24
93827,09:38:27
93830,09:38:30
93833,09:38:33
93836,09:38:36
93839,09:38:39
93842,09:38:42
93845,09:38:45
93848,09:38:48
93851,09:38:51
93854,09:38:54
93857,09:38:57
93900,09:39:00
93903,09:39:03
93906,09:39:06
93909,09:39:09
93912,09:39:12
93915,09:39:15
93918,09:39:18
93921,09:39:21
93924,09:39:24
93927,09:39:27
93930,09:39:30
93933,09:39:33
93936,09:39:36
93939,09:39:39
93942,09:39:42
93945,09:39:45
93948,09:39:48
93951,09:39:51
93954,09:39:54
93957,09:39:57
94000,09:40:00
94003,09:40:03
94006,09:40:06
94009,09:40:09
94012,09:40:12
94015,09:40:15
94018,09:40:18
94021,09:40:21
94024,09:40:24
94027,09:40:27
94030,09:40:30
94033,09:40:33
94036,09:40:36
94039,09:40:39
94042,09:40:42
94045,09:40:45
94048,09:40:48
94051,09:40:51
94054,09:40:54
94057,09:40:57
94100,09:41:00
94103,09:41:03
94106,09:41:06
94109,09:41:09
94112,09:41:12
94115,09:41:15
94118,09:41:18
94121,09:41:21
94124,09:41:24
94127,09:41:27
94130,09:41:30
94133,09:41:33
94136,09:41:36
94139,09:41:39
94142,09:41:42
94145,09:41:45
94148,09:41:48
94151,09:41:51
94154,09:41:54
94157,09:41:57
94200,09:42:00
94203,09:42:03
94206,09:42:06
94209,09:42:09
94212,09:42:12
94215,09:42:15
94218,09:42:18
94221,09:42:21
94224,09:42:24
94227,09:42:27
94230,09:42:30
94233,09:42:33
94236,09:42:36
94239,09:42:39
94242,09:42:42
94245,09:42:45
94248,09:42:48
94251,09:42:51
94254,09:42:54
94257,09:42:57
94300,09:43:00
94303,09:43:03
94306,09:43:06
94309,09:43:09
94312,09:43:12
94315,09:43:15
94318,09:43:18
94321,09:43:21
94324,09:43:24
94327,09:43:27
94330,09:43:30
94333,09:43:33
94336,09:43:36
94339,09:43:39
94342,09:43:42
94345,09:43:45
94348,09:43:48
94351,09:43:51
94354,09:43:54
94357,09:43:57
94400,09:44:00
94403,09:44:03
94406,09:44:06
94409,09:44:09
94412,09:44:12
94415,09:44:15
94418,09:44:18
94421,09:44:21
94424,09:44:24
94427,09:44:27
94430,09:44:30
94433,09:44:33
94436,09:44:36
94439,09:44:39
94442,09:44:42
94445,09:44:45
94448,09:44:48
94451,09:44:51
94454,09:44:54
94457,09:44:57
94500,09:45:00
94503,09:45:03
94506,09:45:06
94509,09:45:09
94512,09:45:12
94515,09:45:15
94518,09:45:18
94521,09:45:21
94524,09:45:24
94527,09:45:27
94530,09:45:30
94533,09:45:33
94536,09:45:36
94539,09:45:39
94542,09:45:42
94545,09:45:45
94548,09:45:48
94551,09:45:51
94554,09:45:54
94557,09:45:57
94600,09:46:00
94603,09:46:03
94606,09:46:06
94609,09:46:09
94612,09:46:12
94615,09:46:15
94618,09:46:18
94621,09:46:21
94624,09:46:24
94627,09:46:27
94630,09:46:30
94633,09:46:33
94636,09:46:36
94639,09:46:39
94642,09:46:42
94645,09:46:45
94648,09:46:48
94651,09:46:51
94654,09:46:54
94657,09:46:57
94700,09:47:00
94703,09:47:03
94706,09:47:06
94709,09:47:09
94712,09:47:12
94715,09:47:15
94718,09:47:18
94721,09:47:21
94724,09:47:24
94727,09:47:27
94730,09:47:30
94733,09:47:33
94736,09:47:36
94739,09:47:39
94742,09:47:42
94745,09:47:45
94748,09:47:48
94751,09:47:51
94754,09:47:54
94757,09:47:57
94800,09:48:00
94803,09:48:03
94806,09:48:06
94809,09:48:09
94812,09:48:12
94815,09:48:15
94818,09:48:18
94821,09:48:21
94824,09:48:24
94827,09:48:27
94830,09:48:30
94833,09:48:33
94836,09:48:36
94839,09:48:39
94842,09:48:42
94845,09:48:45
94848,09:48:48
94851,09:48:51
94854,09:48:54
94857,09:48:57
94900,09:49:00
94903,09:49:03
94906,09:49:06
94909,09:49:09
94912,09:49:12
94915,09:49:15
94918,09:49:18
94921,09:49:21
94924,09:49:24
94927,09:49:27
94930,09:49:30
94933,09:49:33
94936,09:49:36
94939,09:49:39
94942,09:49:42
94945,09:49:45
94948,09:49:48
94951,09:49:51
94954,09:49:54
94957,09:49:57
95000,09:50:00
95003,09:50:03
95006,09:50:06
95009,09:50:09
95012,09:50:12
95015,09:50:15
95018,09:50:18
95021,09:50:21
95024,09:50:24
95027,09:50:27
95030,09:50:30
95033,09:50:33
95036,09:50:36
95039,09:50:39
95042,09:50:42
95045,09:50:45
95048,09:50:48
95051,09:50:51
95054,09:50:54
95057,09:50:57
95100,09:51:00
95103,09:51:03
95106,09:51:06
95109,09:51:09
95112,09:51:12
95115,09:51:15
95118,09:51:18
95121,09:51:21
95124,09:51:24
95127,09:51:27
95130,09:51:30
95133,09:51:33
95136,09:51:36
95139,09:51:39
95142,09:51:42
95145,09:51:45
95148,09:51:48
95151,09:51:51
95154,09:51:54
95157,09:51:57
95200,09:52:00
95203,09:52:03
95206,09:52:06
95209,09:52:09
95212,09:52:12
95215,09:52:15
95218,09:52:18
95221,09:52:21
95224,09:52:24
95227,09:52:27
95230,09:52:30
95233,09:52:33
95236,09:52:36
95239,09:52:39
95242,09:52:42
95245,09:52:45
95248,09:52:48
95251,09:52:51
95254,09:52:54
95257,09:52:57
95300,09:53:00
95303,09:53:03
95306,09:53:06
95309,09:53:09
95312,09:53:12
95315,09:53:15
95318,09:53:18
95321,09:53:21
95324,09:53:24
95327,09:53:27
95330,09:53:30
95333,09:53:33
95336,09:53:36
95339,09:53:39
95342,09:53:42
95345,09:53:45
95348,09:53:48
95351,09:53:51
95354,09:53:54
95357,09:53:57
95400,09:54:00
95403,09:54:03
95406,09:54:06
95409,09:54:09
95412,09:54:12
95415,09:54:15
95418,09:54:18
95421,09:54:21
95424,09:54:24
95427,09:54:27
95430,09:54:30
95433,09:54:33
95436,09:54:36
95439,09:54:39
95442,09:54:42
95445,09:54:45
95448,09:54:48
95451,09:54:51
95454,09:54:54
95457,09:54:57
95500,09:55:00
95503,09:55:03
95506,09:55:06
95509,09:55:09
95512,09:55:12
95515,09:55:15
95518,09:55:18
95521,09:55:21
95524,09:55:24
95527,09:55:27
95530,09:55:30
95533,09:55:33
95536,09:55:36
95539,09:55:39
95542,09:55:42
95545,09:55:45
95548,09:55:48
95551,09:55:51
95554,09:55:54
95557,09:55:57
95600,09:56:00
95603,09:56:03
95606,09:56:06
95609,09:56:09
95612,09:56:12
95615,09:56:15
95618,09:56:18
95621,09:56:21
95624,09:56:24
95627,09:56:27
95630,09:56:30
95633,09:56:33
95636,09:56:36
95639,09:56:39
95642,09:56:42
95645,09:56:45
95648,09:56:48
95651,09:56:51
95654,09:56:54
95657,09:56:57
95700,09:57:00
95703,09:57:03
95706,09:57:06
95709,09:57:09
95712,09:57:12
95715,09:57:15
95718,09:57:18
95721,09:57:21
95724,09:57:24
95727,09:57:27
95730,09:57:30
95733,09:57:33
95736,09:57:36
95739,09:57:39
95742,09:57:42
95745,09:57:45
95748,09:57:48
95751,09:57:51
95754,09:57:54
95757,09:57:57
95800,09:58:00
95803,09:58:03
95806,09:58:06
95809,09:58:09
95812,09:58:12
95815,09:58:15
95818,09:58:18
95821,09:58:21
95824,09:58:24
95827,09:58:27
95830,09:58:30
95833,09:58:33
95836,09:58:36
95839,09:58:39
95842,09:58:42
95845,09:58:45
95848,09:58:48
95851,09:58:51
95854,09:58:54
95857,09:58:57
95900,09:59:00
95903,09:59:03
95906,09:59:06
95909,09:59:09
95912,09:59:12
95915,09:59:15
95918,09:59:18
95921,09:59:21
95924,09:59:24
95927,09:59:27
95930,09:59:30
95933,09:59:33
95936,09:59:36
95939,09:59:39
95942,09:59:42
95945,09:59:45
95948,09:59:48
95951,09:59:51
95954,09:59:54
95957,09:59:57
100000,10:00:00
100003,10:00:03
100006,10:00:06
100009,10:00:09
100012,10:00:12
100015,10:00:15
100018,10:00:18
100021,10:00:21
100024,10:00:24
100027,10:00:27
100030,10:00:30
100033,10:00:33
100036,10:00:36
100039,10:00:39
100042,10:00:42
100045,10:00:45
100048,10:00:48
100051,10:00:51
100054,10:00:54
100057,10:00:57
100100,10:01:00
100103,10:01:03
100106,10:01:06
100109,10:01:09
100112,10:01:12
100115,10:01:15
100118,10:01:18
100121,10:01:21
100124,10:01:24
100127,10:01:27
100130,10:01:30
100133,10:01:33
100136,10:01:36
100139,10:01:39
100142,10:01:42
100145,10:01:45
100148,10:01:48
100151,10:01:51
100154,10:01:54
100157,10:01:57
100200,10:02:00
100203,10:02:03
100206,10:02:06
100209,10:02:09
100212,10:02:12
100215,10:02:15
100218,10:02:18
100221,10:02:21
100224,10:02:24
100227,10:02:27
100230,10:02:30
100233,10:02:33
100236,10:02:36
100239,10:02:39
100242,10:02:42
100245,10:02:45
100248,10:02:48
100251,10:02:51
100254,10:02:54
100257,10:02:57
100300,10:03:00
100303,10:03:03
100306,10:03:06
100309,10:03:09
100312,10:03:12
100315,10:03:15
100318,10:03:18
100321,10:03:21
100324,10:03:24
100327,10:03:27
100330,10:03:30
100333,10:03:33
100336,10:03:36
100339,10:03:39
100342,10:03:42
100345,10:03:45
100348,10:03:48
100351,10:03:51
100354,10:03:54
100357,10:03:57
100400,10:04:00
100403,10:04:03
100406,10:04:06
100409,10:04:09
100412,10:04:12
100415,10:04:15
100418,10:04:18
100421,10:04:21
100424,10:04:24
100427,10:04:27
100430,10:04:30
100433,10:04:33
100436,10:04:36
100439,10:04:39
100442,10:04:42
100445,10:04:45
100448,10:04:48
100451,10:04:51
100454,10:04:54
100457,10:04:57
100500,10:05:00
100503,10:05:03
100506,10:05:06
100509,10:05:09
100512,10:05:12
100515,10:05:15
100518,10:05:18
100521,10:05:21
100524,10:05:24
100527,10:05:27
100530,10:05:30
100533,10:05:33
100536,10:05:36
100539,10:05:39
100542,10:05:42
100545,10:05:45
100548,10:05:48
100551,10:05:51
100554,10:05:54
100557,10:05:57
100600,10:06:00
100603,10:06:03
100606,10:06:06
100609,10:06:09
100612,10:06:12
100615,10:06:15
100618,10:06:18
100621,10:06:21
100624,10:06:24
100627,10:06:27
100630,10:06:30
100633,10:06:33
100636,10:06:36
100639,10:06:39
100642,10:06:42
100645,10:06:45
100648,10:06:48
100651,10:06:51
100654,10:06:54
100657,10:06:57
100700,10:07:00
100703,10:07:03
100706,10:07:06
100709,10:07:09
100712,10:07:12
100715,10:07:15
100718,10:07:18
100721,10:07:21
100724,10:07:24
100727,10:07:27
100730,10:07:30
100733,10:07:33
100736,10:07:36
100739,10:07:39
100742,10:07:42
100745,10:07:45
100748,10:07:48
100751,10:07:51
100754,10:07:54
100757,10:07:57
100800,10:08:00
100803,10:08:03
100806,10:08:06
100809,10:08:09
100812,10:08:12
100815,10:08:15
100818,10:08:18
100821,10:08:21
100824,10:08:24
100827,10:08:27
100830,10:08:30
100833,10:08:33
100836,10:08:36
100839,10:08:39
100842,10:08:42
100845,10:08:45
100848,10:08:48
100851,10:08:51
100854,10:08:54
100857,10:08:57
100900,10:09:00
100903,10:09:03
100906,10:09:06
100909,10:09:09
100912,10:09:12
100915,10:09:15
100918,10:09:18
100921,10:09:21
100924,10:09:24
100927,10:09:27
100930,10:09:30
100933,10:09:33
100936,10:09:36
100939,10:09:39
100942,10:09:42
100945,10:09:45
100948,10:09:48
100951,10:09:51
100954,10:09:54
100957,10:09:57
101000,10:10:00
101003,10:10:03
101006,10:10:06
101009,10:10:09
101012,10:10:12
101015,10:10:15
101018,10:10:18
101021,10:10:21
101024,10:10:24
101027,10:10:27
101030,10:10:30
101033,10:10:33
101036,10:10:36
101039,10:10:39
101042,10:10:42
101045,10:10:45
101048,10:10:48
101051,10:10:51
101054,10:10:54
101057,10:10:57
101100,10:11:00
101103,10:11:03
101106,10:11:06
101109,10:11:09
101112,10:11:12
101115,10:11:15
101118,10:11:18
101121,10:11:21
101124,10:11:24
101127,10:11:27
101130,10:11:30
101133,10:11:33
101136,10:11:36
101139,10:11:39
101142,10:11:42
101145,10:11:45
101148,10:11:48
101151,10:11:51
101154,10:11:54
101157,10:11:57
101200,10:12:00
101203,10:12:03
101206,10:12:06
101209,10:12:09
101212,10:12:12
101215,10:12:15
101218,10:12:18
101221,10:12:21
101224,10:12:24
101227,10:12:27
101230,10:12:30
101233,10:12:33
101236,10:12:36
101239,10:12:39
101242,10:12:42
101245,10:12:45
101248,10:12:48
101251,10:12:51
101254,10:12:54
101257,10:12:57
101300,10:13:00
101303,10:13:03
101306,10:13:06
101309,10:13:09
101312,10:13:12
101315,10:13:15
101318,10:13:18
101321,10:13:21
101324,10:13:24
101327,10:13:27
101330,10:13:30
101333,10:13:33
101336,10:13:36
101339,10:13:39
101342,10:13:42
101345,10:13:45
101348,10:13:48
101351,10:13:51
101354,10:13:54
101357,10:13:57
101400,10:14:00
101403,10:14:03
101406,10:14:06
101409,10:14:09
101412,10:14:12
101415,10:14:15
101418,10:14:18
101421,10:14:21
101424,10:14:24
101427,10:14:27
101430,10:14:30
101433,10:14:33
101436,10:14:36
101439,10:14:39
101442,10:14:42
101445,10:14:45
101448,10:14:48
101451,10:14:51
101454,10:14:54
101457,10:14:57
101500,10:15:00
101503,10:15:03
101506,10:15:06
101509,10:15:09
101512,10:15:12
101515,10:15:15
101518,10:15:18
101521,10:15:21
101524,10:15:24
101527,10:15:27
101530,10:15:30
101533,10:15:33
101536,10:15:36
101539,10:15:39
101542,10:15:42
101545,10:15:45
101548,10:15:48
101551,10:15:51
101554,10:15:54
101557,10:15:57
101600,10:16:00
101603,10:16:03
101606,10:16:06
101609,10:16:09
101612,10:16:12
101615,10:16:15
101618,10:16:18
101621,10:16:21
101624,10:16:24
101627,10:16:27
101630,10:16:30
101633,10:16:33
101636,10:16:36
101639,10:16:39
101642,10:16:42
101645,10:16:45
101648,10:16:48
101651,10:16:51
101654,10:16:54
101657,10:16:57
101700,10:17:00
101703,10:17:03
101706,10:17:06
101709,10:17:09
101712,10:17:12
101715,10:17:15
101718,10:17:18
101721,10:17:21
101724,10:17:24
101727,10:17:27
101730,10:17:30
101733,10:17:33
101736,10:17:36
101739,10:17:39
101742,10:17:42
101745,10:17:45
101748,10:17:48
101751,10:17:51
101754,10:17:54
101757,10:17:57
101800,10:18:00
101803,10:18:03
101806,10:18:06
101809,10:18:09
101812,10:18:12
101815,10:18:15
101818,10:18:18
101821,10:18:21
101824,10:18:24
101827,10:18:27
101830,10:18:30
101833,10:18:33
101836,10:18:36
101839,10:18:39
101842,10:18:42
101845,10:18:45
101848,10:18:48
101851,10:18:51
101854,10:18:54
101857,10:18:57
101900,10:19:00
101903,10:19:03
101906,10:19:06
101909,10:19:09
101912,10:19:12
101915,10:19:15
101918,10:19:18
101921,10:19:21
101924,10:19:24
101927,10:19:27
101930,10:19:30
101933,10:19:33
101936,10:19:36
101939,10:19:39
101942,10:19:42
101945,10:19:45
101948,10:19:48
101951,10:19:51
101954,10:19:54
101957,10:19:57
102000,10:20:00
102003,10:20:03
102006,10:20:06
102009,10:20:09
102012,10:20:12
102015,10:20:15
102018,10:20:18
102021,10:20:21
102024,10:20:24
102027,10:20:27
102030,10:20:30
102033,10:20:33
102036,10:20:36
102039,10:20:39
102042,10:20:42
102045,10:20:45
102048,10:20:48
102051,10:20:51
102054,10:20:54
102057,10:20:57
102100,10:21:00
102103,10:21:03
102106,10:21:06
102109,10:21:09
102112,10:21:12
102115,10:21:15
102118,10:21:18
102121,10:21:21
102124,10:21:24
102127,10:21:27
102130,10:21:30
102133,10:21:33
102136,10:21:36
102139,10:21:39
102142,10:21:42
102145,10:21:45
102148,10:21:48
102151,10:21:51
102154,10:21:54
102157,10:21:57
102200,10:22:00
102203,10:22:03
102206,10:22:06
102209,10:22:09
102212,10:22:12
102215,10:22:15
102218,10:22:18
102221,10:22:21
102224,10:22:24
102227,10:22:27
102230,10:22:30
102233,10:22:33
102236,10:22:36
102239,10:22:39
102242,10:22:42
102245,10:22:45
102248,10:22:48
102251,10:22:51
102254,10:22:54
102257,10:22:57
102300,10:23:00
102303,10:23:03
102306,10:23:06
102309,10:23:09
102312,10:23:12
102315,10:23:15
102318,10:23:18
102321,10:23:21
102324,10:23:24
102327,10:23:27
102330,10:23:30
102333,10:23:33
102336,10:23:36
102339,10:23:39
102342,10:23:42
102345,10:23:45
102348,10:23:48
102351,10:23:51
102354,10:23:54
102357,10:23:57
102400,10:24:00
102403,10:24:03
102406,10:24:06
102409,10:24:09
102412,10:24:12
102415,10:24:15
102418,10:24:18
102421,10:24:21
102424,10:24:24
102427,10:24:27
102430,10:24:30
102433,10:24:33
102436,10:24:36
102439,10:24:39
102442,10:24:42
102445,10:24:45
102448,10:24:48
102451,10:24:51
102454,10:24:54
102457,10:24:57
102500,10:25:00
102503,10:25:03
102506,10:25:06
102509,10:25:09
102512,10:25:12
102515,10:25:15
102518,10:25:18
102521,10:25:21
102524,10:25:24
102527,10:25:27
102530,10:25:30
102533,10:25:33
102536,10:25:36
102539,10:25:39
102542,10:25:42
102545,10:25:45
102548,10:25:48
102551,10:25:51
102554,10:25:54
102557,10:25:57
102600,10:26:00
102603,10:26:03
102606,10:26:06
102609,10:26:09
102612,10:26:12
102615,10:26:15
102618,10:26:18
102621,10:26:21
102624,10:26:24
102627,10:26:27
102630,10:26:30
102633,10:26:33
102636,10:26:36
102639,10:26:39
102642,10:26:42
102645,10:26:45
102648,10:26:48
102651,10:26:51
102654,10:26:54
102657,10:26:57
102700,10:27:00
102703,10:27:03
102706,10:27:06
102709,10:27:09
102712,10:27:12
102715,10:27:15
102718,10:27:18
102721,10:27:21
102724,10:27:24
102727,10:27:27
102730,10:27:30
102733,10:27:33
102736,10:27:36
102739,10:27:39
102742,10:27:42
102745,10:27:45
102748,10:27:48
102751,10:27:51
102754,10:27:54
102757,10:27:57
102800,10:28:00
102803,10:28:03
102806,10:28:06
102809,10:28:09
102812,10:28:12
102815,10:28:15
102818,10:28:18
102821,10:28:21
102824,10:28:24
102827,10:28:27
102830,10:28:30
102833,10:28:33
102836,10:28:36
102839,10:28:39
102842,10:28:42
102845,10:28:45
102848,10:28:48
102851,10:28:51
102854,10:28:54
102857,10:28:57
102900,10:29:00
102903,10:29:03
102906,10:29:06
102909,10:29:09
102912,10:29:12
102915,10:29:15
102918,10:29:18
102921,10:29:21
102924,10:29:24
102927,10:29:27
102930,10:29:30
102933,10:29:33
102936,10:29:36
102939,10:29:39
102942,10:29:42
102945,10:29:45
102948,10:29:48
102951,10:29:51
102954,10:29:54
102957,10:29:57
103000,10:30:00
103003,10:30:03
103006,10:30:06
103009,10:30:09
103012,10:30:12
103015,10:30:15
103018,10:30:18
103021,10:30:21
103024,10:30:24
103027,10:30:27
103030,10:30:30
103033,10:30:33
103036,10:30:36
103039,10:30:39
103042,10:30:42
103045,10:30:45
103048,10:30:48
103051,10:30:51
103054,10:30:54
103057,10:30:57
103100,10:31:00
103103,10:31:03
103106,10:31:06
103109,10:31:09
103112,10:31:12
103115,10:31:15
103118,10:31:18
103121,10:31:21
103124,10:31:24
103127,10:31:27
103130,10:31:30
103133,10:31:33
103136,10:31:36
103139,10:31:39
103142,10:31:42
103145,10:31:45
103148,10:31:48
103151,10:31:51
103154,10:31:54
103157,10:31:57
103200,10:32:00
103203,10:32:03
103206,10:32:06
103209,10:32:09
103212,10:32:12
103215,10:32:15
103218,10:32:18
103221,10:32:21
103224,10:32:24
103227,10:32:27
103230,10:32:30
103233,10:32:33
103236,10:32:36
103239,10:32:39
103242,10:32:42
103245,10:32:45
103248,10:32:48
103251,10:32:51
103254,10:32:54
103257,10:32:57
103300,10:33:00
103303,10:33:03
103306,10:33:06
103309,10:33:09
103312,10:33:12
103315,10:33:15
103318,10:33:18
103321,10:33:21
103324,10:33:24
103327,10:33:27
103330,10:33:30
103333,10:33:33
103336,10:33:36
103339,10:33:39
103342,10:33:42
103345,10:33:45
103348,10:33:48
103351,10:33:51
103354,10:33:54
103357,10:33:57
103400,10:34:00
103403,10:34:03
103406,10:34:06
103409,10:34:09
103412,10:34:12
103415,10:34:15
103418,10:34:18
103421,10:34:21
103424,10:34:24
103427,10:34:27
103430,10:34:30
103433,10:34:33
103436,10:34:36
103439,10:34:39
103442,10:34:42
103445,10:34:45
103448,10:34:48
103451,10:34:51
103454,10:34:54
103457,10:34:57
103500,10:35:00
103503,10:35:03
103506,10:35:06
103509,10:35:09
103512,10:35:12
103515,10:35:15
103518,10:35:18
103521,10:35:21
103524,10:35:24
103527,10:35:27
103530,10:35:30
103533,10:35:33
103536,10:35:36
103539,10:35:39
103542,10:35:42
103545,10:35:45
103548,10:35:48
103551,10:35:51
103554,10:35:54
103557,10:35:57
103600,10:36:00
103603,10:36:03
103606,10:36:06
103609,10:36:09
103612,10:36:12
103615,10:36:15
103618,10:36:18
103621,10:36:21
103624,10:36:24
103627,10:36:27
103630,10:36:30
103633,10:36:33
103636,10:36:36
103639,10:36:39
103642,10:36:42
103645,10:36:45
103648,10:36:48
103651,10:36:51
103654,10:36:54
103657,10:36:57
103700,10:37:00
103703,10:37:03
103706,10:37:06
103709,10:37:09
103712,10:37:12
103715,10:37:15
103718,10:37:18
103721,10:37:21
103724,10:37:24
103727,10:37:27
103730,10:37:30
103733,10:37:33
103736,10:37:36
103739,10:37:39
103742,10:37:42
103745,10:37:45
103748,10:37:48
103751,10:37:51
103754,10:37:54
103757,10:37:57
103800,10:38:00
103803,10:38:03
103806,10:38:06
103809,10:38:09
103812,10:38:12
103815,10:38:15
103818,10:38:18
103821,10:38:21
103824,10:38:24
103827,10:38:27
103830,10:38:30
103833,10:38:33
103836,10:38:36
103839,10:38:39
103842,10:38:42
103845,10:38:45
103848,10:38:48
103851,10:38:51
103854,10:38:54
103857,10:38:57
103900,10:39:00
103903,10:39:03
103906,10:39:06
103909,10:39:09
103912,10:39:12
103915,10:39:15
103918,10:39:18
103921,10:39:21
103924,10:39:24
103927,10:39:27
103930,10:39:30
103933,10:39:33
103936,10:39:36
103939,10:39:39
103942,10:39:42
103945,10:39:45
103948,10:39:48
103951,10:39:51
103954,10:39:54
103957,10:39:57
104000,10:40:00
104003,10:40:03
104006,10:40:06
104009,10:40:09
104012,10:40:12
104015,10:40:15
104018,10:40:18
104021,10:40:21
104024,10:40:24
104027,10:40:27
104030,10:40:30
104033,10:40:33
104036,10:40:36
104039,10:40:39
104042,10:40:42
104045,10:40:45
104048,10:40:48
104051,10:40:51
104054,10:40:54
104057,10:40:57
104100,10:41:00
104103,10:41:03
104106,10:41:06
104109,10:41:09
104112,10:41:12
104115,10:41:15
104118,10:41:18
104121,10:41:21
104124,10:41:24
104127,10:41:27
104130,10:41:30
104133,10:41:33
104136,10:41:36
104139,10:41:39
104142,10:41:42
104145,10:41:45
104148,10:41:48
104151,10:41:51
104154,10:41:54
104157,10:41:57
104200,10:42:00
104203,10:42:03
104206,10:42:06
104209,10:42:09
104212,10:42:12
104215,10:42:15
104218,10:42:18
104221,10:42:21
104224,10:42:24
104227,10:42:27
104230,10:42:30
104233,10:42:33
104236,10:42:36
104239,10:42:39
104242,10:42:42
104245,10:42:45
104248,10:42:48
104251,10:42:51
104254,10:42:54
104257,10:42:57
104300,10:43:00
104303,10:43:03
104306,10:43:06
104309,10:43:09
104312,10:43:12
104315,10:43:15
104318,10:43:18
104321,10:43:21
104324,10:43:24
104327,10:43:27
104330,10:43:30
104333,10:43:33
104336,10:43:36
104339,10:43:39
104342,10:43:42
104345,10:43:45
104348,10:43:48
104351,10:43:51
104354,10:43:54
104357,10:43:57
104400,10:44:00
104403,10:44:03
104406,10:44:06
104409,10:44:09
104412,10:44:12
104415,10:44:15
104418,10:44:18
104421,10:44:21
104424,10:44:24
104427,10:44:27
104430,10:44:30
104433,10:44:33
104436,10:44:36
104439,10:44:39
104442,10:44:42
104445,10:44:45
104448,10:44:48
104451,10:44:51
104454,10:44:54
104457,10:44:57
104500,10:45:00
104503,10:45:03
104506,10:45:06
104509,10:45:09
104512,10:45:12
104515,10:45:15
104518,10:45:18
104521,10:45:21
104524,10:45:24
104527,10:45:27
104530,10:45:30
104533,10:45:33
104536,10:45:36
104539,10:45:39
104542,10:45:42
104545,10:45:45
104548,10:45:48
104551,10:45:51
104554,10:45:54
104557,10:45:57
104600,10:46:00
104603,10:46:03
104606,10:46:06
104609,10:46:09
104612,10:46:12
104615,10:46:15
104618,10:46:18
104621,10:46:21
104624,10:46:24
104627,10:46:27
104630,10:46:30
104633,10:46:33
104636,10:46:36
104639,10:46:39
104642,10:46:42
104645,10:46:45
104648,10:46:48
104651,10:46:51
104654,10:46:54
104657,10:46:57
104700,10:47:00
104703,10:47:03
104706,10:47:06
104709,10:47:09
104712,10:47:12
104715,10:47:15
104718,10:47:18
104721,10:47:21
104724,10:47:24
104727,10:47:27
104730,10:47:30
104733,10:47:33
104736,10:47:36
104739,10:47:39
104742,10:47:42
104745,10:47:45
104748,10:47:48
104751,10:47:51
104754,10:47:54
104757,10:47:57
104800,10:48:00
104803,10:48:03
104806,10:48:06
104809,10:48:09
104812,10:48:12
104815,10:48:15
104818,10:48:18
104821,10:48:21
104824,10:48:24
104827,10:48:27
104830,10:48:30
104833,10:48:33
104836,10:48:36
104839,10:48:39
104842,10:48:42
104845,10:48:45
104848,10:48:48
104851,10:48:51
104854,10:48:54
104857,10:48:57
104900,10:49:00
104903,10:49:03
104906,10:49:06
104909,10:49:09
104912,10:49:12
104915,10:49:15
104918,10:49:18
104921,10:49:21
104924,10:49:24
104927,10:49:27
104930,10:49:30
104933,10:49:33
104936,10:49:36
104939,10:49:39
104942,10:49:42
104945,10:49:45
104948,10:49:48
104951,10:49:51
104954,10:49:54
104957,10:49:57
105000,10:50:00
105003,10:50:03
105006,10:50:06
105009,10:50:09
105012,10:50:12
105015,10:50:15
105018,10:50:18
105021,10:50:21
105024,10:50:24
105027,10:50:27
105030,10:50:30
105033,10:50:33
105036,10:50:36
105039,10:50:39
105042,10:50:42
105045,10:50:45
105048,10:50:48
105051,10:50:51
105054,10:50:54
105057,10:50:57
105100,10:51:00
105103,10:51:03
105106,10:51:06
105109,10:51:09
105112,10:51:12
105115,10:51:15
105118,10:51:18
105121,10:51:21
105124,10:51:24
105127,10:51:27
105130,10:51:30
105133,10:51:33
105136,10:51:36
105139,10:51:39
105142,10:51:42
105145,10:51:45
105148,10:51:48
105151,10:51:51
105154,10:51:54
105157,10:51:57
105200,10:52:00
105203,10:52:03
105206,10:52:06
105209,10:52:09
105212,10:52:12
105215,10:52:15
105218,10:52:18
105221,10:52:21
105224,10:52:24
105227,10:52:27
105230,10:52:30
105233,10:52:33
105236,10:52:36
105239,10:52:39
105242,10:52:42
105245,10:52:45
105248,10:52:48
105251,10:52:51
105254,10:52:54
105257,10:52:57
105300,10:53:00
105303,10:53:03
105306,10:53:06
105309,10:53:09
105312,10:53:12
105315,10:53:15
105318,10:53:18
105321,10:53:21
105324,10:53:24
105327,10:53:27
105330,10:53:30
105333,10:53:33
105336,10:53:36
105339,10:53:39
105342,10:53:42
105345,10:53:45
105348,10:53:48
105351,10:53:51
105354,10:53:54
105357,10:53:57
105400,10:54:00
105403,10:54:03
105406,10:54:06
105409,10:54:09
105412,10:54:12
105415,10:54:15
105418,10:54:18
105421,10:54:21
105424,10:54:24
105427,10:54:27
105430,10:54:30
105433,10:54:33
105436,10:54:36
105439,10:54:39
105442,10:54:42
105445,10:54:45
105448,10:54:48
105451,10:54:51
105454,10:54:54
105457,10:54:57
105500,10:55:00
105503,10:55:03
105506,10:55:06
105509,10:55:09
105512,10:55:12
105515,10:55:15
105518,10:55:18
105521,10:55:21
105524,10:55:24
105527,10:55:27
105530,10:55:30
105533,10:55:33
105536,10:55:36
105539,10:55:39
105542,10:55:42
105545,10:55:45
105548,10:55:48
105551,10:55:51
105554,10:55:54
105557,10:55:57
105600,10:56:00
105603,10:56:03
105606,10:56:06
105609,10:56:09
105612,10:56:12
105615,10:56:15
105618,10:56:18
105621,10:56:21
105624,10:56:24
105627,10:56:27
105630,10:56:30
105633,10:56:33
105636,10:56:36
105639,10:56:39
105642,10:56:42
105645,10:56:45
105648,10:56:48
105651,10:56:51
105654,10:56:54
105657,10:56:57
105700,10:57:00
105703,10:57:03
105706,10:57:06
105709,10:57:09
105712,10:57:12
105715,10:57:15
105718,10:57:18
105721,10:57:21
105724,10:57:24
105727,10:57:27
105730,10:57:30
105733,10:57:33
105736,10:57:36
105739,10:57:39
105742,10:57:42
105745,10:57:45
105748,10:57:48
105751,10:57:51
105754,10:57:54
105757,10:57:57
105800,10:58:00
105803,10:58:03
105806,10:58:06
105809,10:58:09
105812,10:58:12
105815,10:58:15
105818,10:58:18
105821,10:58:21
105824,10:58:24
105827,10:58:27
105830,10:58:30
105833,10:58:33
105836,10:58:36
105839,10:58:39
105842,10:58:42
105845,10:58:45
105848,10:58:48
105851,10:58:51
105854,10:58:54
105857,10:58:57
105900,10:59:00
105903,10:59:03
105906,10:59:06
105909,10:59:09
105912,10:59:12
105915,10:59:15
105918,10:59:18
105921,10:59:21
105924,10:59:24
105927,10:59:27
105930,10:59:30
105933,10:59:33
105936,10:59:36
105939,10:59:39
105942,10:59:42
105945,10:59:45
105948,10:59:48
105951,10:59:51
105954,10:59:54
105957,10:59:57
110000,11:00:00
110003,11:00:03
110006,11:00:06
110009,11:00:09
110012,11:00:12
110015,11:00:15
110018,11:00:18
110021,11:00:21
110024,11:00:24
110027,11:00:27
110030,11:00:30
110033,11:00:33
110036,11:00:36
110039,11:00:39
110042,11:00:42
110045,11:00:45
110048,11:00:48
110051,11:00:51
110054,11:00:54
110057,11:00:57
110100,11:01:00
110103,11:01:03
110106,11:01:06
110109,11:01:09
110112,11:01:12
110115,11:01:15
110118,11:01:18
110121,11:01:21
110124,11:01:24
110127,11:01:27
110130,11:01:30
110133,11:01:33
110136,11:01:36
110139,11:01:39
110142,11:01:42
110145,11:01:45
110148,11:01:48
110151,11:01:51
110154,11:01:54
110157,11:01:57
110200,11:02:00
110203,11:02:03
110206,11:02:06
110209,11:02:09
110212,11:02:12
110215,11:02:15
110218,11:02:18
110221,11:02:21
110224,11:02:24
110227,11:02:27
110230,11:02:30
110233,11:02:33
110236,11:02:36
110239,11:02:39
110242,11:02:42
110245,11:02:45
110248,11:02:48
110251,11:02:51
110254,11:02:54
110257,11:02:57
110300,11:03:00
110303,11:03:03
110306,11:03:06
110309,11:03:09
110312,11:03:12
110315,11:03:15
110318,11:03:18
110321,11:03:21
110324,11:03:24
110327,11:03:27
110330,11:03:30
110333,11:03:33
110336,11:03:36
110339,11:03:39
110342,11:03:42
110345,11:03:45
110348,11:03:48
110351,11:03:51
110354,11:03:54
110357,11:03:57
110400,11:04:00
110403,11:04:03
110406,11:04:06
110409,11:04:09
110412,11:04:12
110415,11:04:15
110418,11:04:18
110421,11:04:21
110424,11:04:24
110427,11:04:27
110430,11:04:30
110433,11:04:33
110436,11:04:36
110439,11:04:39
110442,11:04:42
110445,11:04:45
110448,11:04:48
110451,11:04:51
110454,11:04:54
110457,11:04:57
110500,11:05:00
110503,11:05:03
110506,11:05:06
110509,11:05:09
110512,11:05:12
110515,11:05:15
110518,11:05:18
110521,11:05:21
110524,11:05:24
110527,11:05:27
110530,11:05:30
110533,11:05:33
110536,11:05:36
110539,11:05:39
110542,11:05:42
110545,11:05:45
110548,11:05:48
110551,11:05:51
110554,11:05:54
110557,11:05:57
110600,11:06:00
110603,11:06:03
110606,11:06:06
110609,11:06:09
110612,11:06:12
110615,11:06:15
110618,11:06:18
110621,11:06:21
110624,11:06:24
110627,11:06:27
110630,11:06:30
110633,11:06:33
110636,11:06:36
110639,11:06:39
110642,11:06:42
110645,11:06:45
110648,11:06:48
110651,11:06:51
110654,11:06:54
110657,11:06:57
110700,11:07:00
110703,11:07:03
110706,11:07:06
110709,11:07:09
110712,11:07:12
110715,11:07:15
110718,11:07:18
110721,11:07:21
110724,11:07:24
110727,11:07:27
110730,11:07:30
110733,11:07:33
110736,11:07:36
110739,11:07:39
110742,11:07:42
110745,11:07:45
110748,11:07:48
110751,11:07:51
110754,11:07:54
110757,11:07:57
110800,11:08:00
110803,11:08:03
110806,11:08:06
110809,11:08:09
110812,11:08:12
110815,11:08:15
110818,11:08:18
110821,11:08:21
110824,11:08:24
110827,11:08:27
110830,11:08:30
110833,11:08:33
110836,11:08:36
110839,11:08:39
110842,11:08:42
110845,11:08:45
110848,11:08:48
110851,11:08:51
110854,11:08:54
110857,11:08:57
110900,11:09:00
110903,11:09:03
110906,11:09:06
110909,11:09:09
110912,11:09:12
110915,11:09:15
110918,11:09:18
110921,11:09:21
110924,11:09:24
110927,11:09:27
110930,11:09:30
110933,11:09:33
110936,11:09:36
110939,11:09:39
110942,11:09:42
110945,11:09:45
110948,11:09:48
110951,11:09:51
110954,11:09:54
110957,11:09:57
111000,11:10:00
111003,11:10:03
111006,11:10:06
111009,11:10:09
111012,11:10:12
111015,11:10:15
111018,11:10:18
111021,11:10:21
111024,11:10:24
111027,11:10:27
111030,11:10:30
111033,11:10:33
111036,11:10:36
111039,11:10:39
111042,11:10:42
111045,11:10:45
111048,11:10:48
111051,11:10:51
111054,11:10:54
111057,11:10:57
111100,11:11:00
111103,11:11:03
111106,11:11:06
111109,11:11:09
111112,11:11:12
111115,11:11:15
111118,11:11:18
111121,11:11:21
111124,11:11:24
111127,11:11:27
111130,11:11:30
111133,11:11:33
111136,11:11:36
111139,11:11:39
111142,11:11:42
111145,11:11:45
111148,11:11:48
111151,11:11:51
111154,11:11:54
111157,11:11:57
111200,11:12:00
111203,11:12:03
111206,11:12:06
111209,11:12:09
111212,11:12:12
111215,11:12:15
111218,11:12:18
111221,11:12:21
111224,11:12:24
111227,11:12:27
111230,11:12:30
111233,11:12:33
111236,11:12:36
111239,11:12:39
111242,11:12:42
111245,11:12:45
111248,11:12:48
111251,11:12:51
111254,11:12:54
111257,11:12:57
111300,11:13:00
111303,11:13:03
111306,11:13:06
111309,11:13:09
111312,11:13:12
111315,11:13:15
111318,11:13:18
111321,11:13:21
111324,11:13:24
111327,11:13:27
111330,11:13:30
111333,11:13:33
111336,11:13:36
111339,11:13:39
111342,11:13:42
111345,11:13:45
111348,11:13:48
111351,11:13:51
111354,11:13:54
111357,11:13:57
111400,11:14:00
111403,11:14:03
111406,11:14:06
111409,11:14:09
111412,11:14:12
111415,11:14:15
111418,11:14:18
111421,11:14:21
111424,11:14:24
111427,11:14:27
111430,11:14:30
111433,11:14:33
111436,11:14:36
111439,11:14:39
111442,11:14:42
111445,11:14:45
111448,11:14:48
111451,11:14:51
111454,11:14:54
111457,11:14:57
111500,11:15:00
111503,11:15:03
111506,11:15:06
111509,11:15:09
111512,11:15:12
111515,11:15:15
111518,11:15:18
111521,11:15:21
111524,11:15:24
111527,11:15:27
111530,11:15:30
111533,11:15:33
111536,11:15:36
111539,11:15:39
111542,11:15:42
111545,11:15:45
111548,11:15:48
111551,11:15:51
111554,11:15:54
111557,11:15:57
111600,11:16:00
111603,11:16:03
111606,11:16:06
111609,11:16:09
111612,11:16:12
111615,11:16:15
111618,11:16:18
111621,11:16:21
111624,11:16:24
111627,11:16:27
111630,11:16:30
111633,11:16:33
111636,11:16:36
111639,11:16:39
111642,11:16:42
111645,11:16:45
111648,11:16:48
111651,11:16:51
111654,11:16:54
111657,11:16:57
111700,11:17:00
111703,11:17:03
111706,11:17:06
111709,11:17:09
111712,11:17:12
111715,11:17:15
111718,11:17:18
111721,11:17:21
111724,11:17:24
111727,11:17:27
111730,11:17:30
111733,11:17:33
111736,11:17:36
111739,11:17:39
111742,11:17:42
111745,11:17:45
111748,11:17:48
111751,11:17:51
111754,11:17:54
111757,11:17:57
111800,11:18:00
111803,11:18:03
111806,11:18:06
111809,11:18:09
111812,11:18:12
111815,11:18:15
111818,11:18:18
111821,11:18:21
111824,11:18:24
111827,11:18:27
111830,11:18:30
111833,11:18:33
111836,11:18:36
111839,11:18:39
111842,11:18:42
111845,11:18:45
111848,11:18:48
111851,11:18:51
111854,11:18:54
111857,11:18:57
111900,11:19:00
111903,11:19:03
111906,11:19:06
111909,11:19:09
111912,11:19:12
111915,11:19:15
111918,11:19:18
111921,11:19:21
111924,11:19:24
111927,11:19:27
111930,11:19:30
111933,11:19:33
111936,11:19:36
111939,11:19:39
111942,11:19:42
111945,11:19:45
111948,11:19:48
111951,11:19:51
111954,11:19:54
111957,11:19:57
112000,11:20:00
112003,11:20:03
112006,11:20:06
112009,11:20:09
112012,11:20:12
112015,11:20:15
112018,11:20:18
112021,11:20:21
112024,11:20:24
112027,11:20:27
112030,11:20:30
112033,11:20:33
112036,11:20:36
112039,11:20:39
112042,11:20:42
112045,11:20:45
112048,11:20:48
112051,11:20:51
112054,11:20:54
112057,11:20:57
112100,11:21:00
112103,11:21:03
112106,11:21:06
112109,11:21:09
112112,11:21:12
112115,11:21:15
112118,11:21:18
112121,11:21:21
112124,11:21:24
112127,11:21:27
112130,11:21:30
112133,11:21:33
112136,11:21:36
112139,11:21:39
112142,11:21:42
112145,11:21:45
112148,11:21:48
112151,11:21:51
112154,11:21:54
112157,11:21:57
112200,11:22:00
112203,11:22:03
112206,11:22:06
112209,11:22:09
112212,11:22:12
112215,11:22:15
112218,11:22:18
112221,11:22:21
112224,11:22:24
112227,11:22:27
112230,11:22:30
112233,11:22:33
112236,11:22:36
112239,11:22:39
112242,11:22:42
112245,11:22:45
112248,11:22:48
112251,11:22:51
112254,11:22:54
112257,11:22:57
112300,11:23:00
112303,11:23:03
112306,11:23:06
112309,11:23:09
112312,11:23:12
112315,11:23:15
112318,11:23:18
112321,11:23:21
112324,11:23:24
112327,11:23:27
112330,11:23:30
112333,11:23:33
112336,11:23:36
112339,11:23:39
112342,11:23:42
112345,11:23:45
112348,11:23:48
112351,11:23:51
112354,11:23:54
112357,11:23:57
112400,11:24:00
112403,11:24:03
112406,11:24:06
112409,11:24:09
112412,11:24:12
112415,11:24:15
112418,11:24:18
112421,11:24:21
112424,11:24:24
112427,11:24:27
112430,11:24:30
112433,11:24:33
112436,11:24:36
112439,11:24:39
112442,11:24:42
112445,11:24:45
112448,11:24:48
112451,11:24:51
112454,11:24:54
112457,11:24:57
112500,11:25:00
112503,11:25:03
112506,11:25:06
112509,11:25:09
112512,11:25:12
112515,11:25:15
112518,11:25:18
112521,11:25:21
112524,11:25:24
112527,11:25:27
112530,11:25:30
112533,11:25:33
112536,11:25:36
112539,11:25:39
112542,11:25:42
112545,11:25:45
112548,11:25:48
112551,11:25:51
112554,11:25:54
112557,11:25:57
112600,11:26:00
112603,11:26:03
112606,11:26:06
112609,11:26:09
112612,11:26:12
112615,11:26:15
112618,11:26:18
112621,11:26:21
112624,11:26:24
112627,11:26:27
112630,11:26:30
112633,11:26:33
112636,11:26:36
112639,11:26:39
112642,11:26:42
112645,11:26:45
112648,11:26:48
112651,11:26:51
112654,11:26:54
112657,11:26:57
112700,11:27:00
112703,11:27:03
112706,11:27:06
112709,11:27:09
112712,11:27:12
112715,11:27:15
112718,11:27:18
112721,11:27:21
112724,11:27:24
112727,11:27:27
112730,11:27:30
112733,11:27:33
112736,11:27:36
112739,11:27:39
112742,11:27:42
112745,11:27:45
112748,11:27:48
112751,11:27:51
112754,11:27:54
112757,11:27:57
112800,11:28:00
112803,11:28:03
112806,11:28:06
112809,11:28:09
112812,11:28:12
112815,11:28:15
112818,11:28:18
112821,11:28:21
112824,11:28:24
112827,11:28:27
112830,11:28:30
112833,11:28:33
112836,11:28:36
112839,11:28:39
112842,11:28:42
112845,11:28:45
112848,11:28:48
112851,11:28:51
112854,11:28:54
112857,11:28:57
112900,11:29:00
112903,11:29:03
112906,11:29:06
112909,11:29:09
112912,11:29:12
112915,11:29:15
112918,11:29:18
112921,11:29:21
112924,11:29:24
112927,11:29:27
112930,11:29:30
112933,11:29:33
112936,11:29:36
112939,11:29:39
112942,11:29:42
112945,11:29:45
112948,11:29:48
112951,11:29:51
112954,11:29:54
112957,11:29:57
113000,11:30:00
130000,13:00:00
130003,13:00:03
130006,13:00:06
130009,13:00:09
130012,13:00:12
130015,13:00:15
130018,13:00:18
130021,13:00:21
130024,13:00:24
130027,13:00:27
130030,13:00:30
130033,13:00:33
130036,13:00:36
130039,13:00:39
130042,13:00:42
130045,13:00:45
130048,13:00:48
130051,13:00:51
130054,13:00:54
130057,13:00:57
130100,13:01:00
130103,13:01:03
130106,13:01:06
130109,13:01:09
130112,13:01:12
130115,13:01:15
130118,13:01:18
130121,13:01:21
130124,13:01:24
130127,13:01:27
130130,13:01:30
130133,13:01:33
130136,13:01:36
130139,13:01:39
130142,13:01:42
130145,13:01:45
130148,13:01:48
130151,13:01:51
130154,13:01:54
130157,13:01:57
130200,13:02:00
130203,13:02:03
130206,13:02:06
130209,13:02:09
130212,13:02:12
130215,13:02:15
130218,13:02:18
130221,13:02:21
130224,13:02:24
130227,13:02:27
130230,13:02:30
130233,13:02:33
130236,13:02:36
130239,13:02:39
130242,13:02:42
130245,13:02:45
130248,13:02:48
130251,13:02:51
130254,13:02:54
130257,13:02:57
130300,13:03:00
130303,13:03:03
130306,13:03:06
130309,13:03:09
130312,13:03:12
130315,13:03:15
130318,13:03:18
130321,13:03:21
130324,13:03:24
130327,13:03:27
130330,13:03:30
130333,13:03:33
130336,13:03:36
130339,13:03:39
130342,13:03:42
130345,13:03:45
130348,13:03:48
130351,13:03:51
130354,13:03:54
130357,13:03:57
130400,13:04:00
130403,13:04:03
130406,13:04:06
130409,13:04:09
130412,13:04:12
130415,13:04:15
130418,13:04:18
130421,13:04:21
130424,13:04:24
130427,13:04:27
130430,13:04:30
130433,13:04:33
130436,13:04:36
130439,13:04:39
130442,13:04:42
130445,13:04:45
130448,13:04:48
130451,13:04:51
130454,13:04:54
130457,13:04:57
130500,13:05:00
130503,13:05:03
130506,13:05:06
130509,13:05:09
130512,13:05:12
130515,13:05:15
130518,13:05:18
130521,13:05:21
130524,13:05:24
130527,13:05:27
130530,13:05:30
130533,13:05:33
130536,13:05:36
130539,13:05:39
130542,13:05:42
130545,13:05:45
130548,13:05:48
130551,13:05:51
130554,13:05:54
130557,13:05:57
130600,13:06:00
130603,13:06:03
130606,13:06:06
130609,13:06:09
130612,13:06:12
130615,13:06:15
130618,13:06:18
130621,13:06:21
130624,13:06:24
130627,13:06:27
130630,13:06:30
130633,13:06:33
130636,13:06:36
130639,13:06:39
130642,13:06:42
130645,13:06:45
130648,13:06:48
130651,13:06:51
130654,13:06:54
130657,13:06:57
130700,13:07:00
130703,13:07:03
130706,13:07:06
130709,13:07:09
130712,13:07:12
130715,13:07:15
130718,13:07:18
130721,13:07:21
130724,13:07:24
130727,13:07:27
130730,13:07:30
130733,13:07:33
130736,13:07:36
130739,13:07:39
130742,13:07:42
130745,13:07:45
130748,13:07:48
130751,13:07:51
130754,13:07:54
130757,13:07:57
130800,13:08:00
130803,13:08:03
130806,13:08:06
130809,13:08:09
130812,13:08:12
130815,13:08:15
130818,13:08:18
130821,13:08:21
130824,13:08:24
130827,13:08:27
130830,13:08:30
130833,13:08:33
130836,13:08:36
130839,13:08:39
130842,13:08:42
130845,13:08:45
130848,13:08:48
130851,13:08:51
130854,13:08:54
130857,13:08:57
130900,13:09:00
130903,13:09:03
130906,13:09:06
130909,13:09:09
130912,13:09:12
130915,13:09:15
130918,13:09:18
130921,13:09:21
130924,13:09:24
130927,13:09:27
130930,13:09:30
130933,13:09:33
130936,13:09:36
130939,13:09:39
130942,13:09:42
130945,13:09:45
130948,13:09:48
130951,13:09:51
130954,13:09:54
130957,13:09:57
131000,13:10:00
131003,13:10:03
131006,13:10:06
131009,13:10:09
131012,13:10:12
131015,13:10:15
131018,13:10:18
131021,13:10:21
131024,13:10:24
131027,13:10:27
131030,13:10:30
131033,13:10:33
131036,13:10:36
131039,13:10:39
131042,13:10:42
131045,13:10:45
131048,13:10:48
131051,13:10:51
131054,13:10:54
131057,13:10:57
131100,13:11:00
131103,13:11:03
131106,13:11:06
131109,13:11:09
131112,13:11:12
131115,13:11:15
131118,13:11:18
131121,13:11:21
131124,13:11:24
131127,13:11:27
131130,13:11:30
131133,13:11:33
131136,13:11:36
131139,13:11:39
131142,13:11:42
131145,13:11:45
131148,13:11:48
131151,13:11:51
131154,13:11:54
131157,13:11:57
131200,13:12:00
131203,13:12:03
131206,13:12:06
131209,13:12:09
131212,13:12:12
131215,13:12:15
131218,13:12:18
131221,13:12:21
131224,13:12:24
131227,13:12:27
131230,13:12:30
131233,13:12:33
131236,13:12:36
131239,13:12:39
131242,13:12:42
131245,13:12:45
131248,13:12:48
131251,13:12:51
131254,13:12:54
131257,13:12:57
131300,13:13:00
131303,13:13:03
131306,13:13:06
131309,13:13:09
131312,13:13:12
131315,13:13:15
131318,13:13:18
131321,13:13:21
131324,13:13:24
131327,13:13:27
131330,13:13:30
131333,13:13:33
131336,13:13:36
131339,13:13:39
131342,13:13:42
131345,13:13:45
131348,13:13:48
131351,13:13:51
131354,13:13:54
131357,13:13:57
131400,13:14:00
131403,13:14:03
131406,13:14:06
131409,13:14:09
131412,13:14:12
131415,13:14:15
131418,13:14:18
131421,13:14:21
131424,13:14:24
131427,13:14:27
131430,13:14:30
131433,13:14:33
131436,13:14:36
131439,13:14:39
131442,13:14:42
131445,13:14:45
131448,13:14:48
131451,13:14:51
131454,13:14:54
131457,13:14:57
131500,13:15:00
131503,13:15:03
131506,13:15:06
131509,13:15:09
131512,13:15:12
131515,13:15:15
131518,13:15:18
131521,13:15:21
131524,13:15:24
131527,13:15:27
131530,13:15:30
131533,13:15:33
131536,13:15:36
131539,13:15:39
131542,13:15:42
131545,13:15:45
131548,13:15:48
131551,13:15:51
131554,13:15:54
131557,13:15:57
131600,13:16:00
131603,13:16:03
131606,13:16:06
131609,13:16:09
131612,13:16:12
131615,13:16:15
131618,13:16:18
131621,13:16:21
131624,13:16:24
131627,13:16:27
131630,13:16:30
131633,13:16:33
131636,13:16:36
131639,13:16:39
131642,13:16:42
131645,13:16:45
131648,13:16:48
131651,13:16:51
131654,13:16:54
131657,13:16:57
131700,13:17:00
131703,13:17:03
131706,13:17:06
131709,13:17:09
131712,13:17:12
131715,13:17:15
131718,13:17:18
131721,13:17:21
131724,13:17:24
131727,13:17:27
131730,13:17:30
131733,13:17:33
131736,13:17:36
131739,13:17:39
131742,13:17:42
131745,13:17:45
131748,13:17:48
131751,13:17:51
131754,13:17:54
131757,13:17:57
131800,13:18:00
131803,13:18:03
131806,13:18:06
131809,13:18:09
131812,13:18:12
131815,13:18:15
131818,13:18:18
131821,13:18:21
131824,13:18:24
131827,13:18:27
131830,13:18:30
131833,13:18:33
131836,13:18:36
131839,13:18:39
131842,13:18:42
131845,13:18:45
131848,13:18:48
131851,13:18:51
131854,13:18:54
131857,13:18:57
131900,13:19:00
131903,13:19:03
131906,13:19:06
131909,13:19:09
131912,13:19:12
131915,13:19:15
131918,13:19:18
131921,13:19:21
131924,13:19:24
131927,13:19:27
131930,13:19:30
131933,13:19:33
131936,13:19:36
131939,13:19:39
131942,13:19:42
131945,13:19:45
131948,13:19:48
131951,13:19:51
131954,13:19:54
131957,13:19:57
132000,13:20:00
132003,13:20:03
132006,13:20:06
132009,13:20:09
132012,13:20:12
132015,13:20:15
132018,13:20:18
132021,13:20:21
132024,13:20:24
132027,13:20:27
132030,13:20:30
132033,13:20:33
132036,13:20:36
132039,13:20:39
132042,13:20:42
132045,13:20:45
132048,13:20:48
132051,13:20:51
132054,13:20:54
132057,13:20:57
132100,13:21:00
132103,13:21:03
132106,13:21:06
132109,13:21:09
132112,13:21:12
132115,13:21:15
132118,13:21:18
132121,13:21:21
132124,13:21:24
132127,13:21:27
132130,13:21:30
132133,13:21:33
132136,13:21:36
132139,13:21:39
132142,13:21:42
132145,13:21:45
132148,13:21:48
132151,13:21:51
132154,13:21:54
132157,13:21:57
132200,13:22:00
132203,13:22:03
132206,13:22:06
132209,13:22:09
132212,13:22:12
132215,13:22:15
132218,13:22:18
132221,13:22:21
132224,13:22:24
132227,13:22:27
132230,13:22:30
132233,13:22:33
132236,13:22:36
132239,13:22:39
132242,13:22:42
132245,13:22:45
132248,13:22:48
132251,13:22:51
132254,13:22:54
132257,13:22:57
132300,13:23:00
132303,13:23:03
132306,13:23:06
132309,13:23:09
132312,13:23:12
132315,13:23:15
132318,13:23:18
132321,13:23:21
132324,13:23:24
132327,13:23:27
132330,13:23:30
132333,13:23:33
132336,13:23:36
132339,13:23:39
132342,13:23:42
132345,13:23:45
132348,13:23:48
132351,13:23:51
132354,13:23:54
132357,13:23:57
132400,13:24:00
132403,13:24:03
132406,13:24:06
132409,13:24:09
132412,13:24:12
132415,13:24:15
132418,13:24:18
132421,13:24:21
132424,13:24:24
132427,13:24:27
132430,13:24:30
132433,13:24:33
132436,13:24:36
132439,13:24:39
132442,13:24:42
132445,13:24:45
132448,13:24:48
132451,13:24:51
132454,13:24:54
132457,13:24:57
132500,13:25:00
132503,13:25:03
132506,13:25:06
132509,13:25:09
132512,13:25:12
132515,13:25:15
132518,13:25:18
132521,13:25:21
132524,13:25:24
132527,13:25:27
132530,13:25:30
132533,13:25:33
132536,13:25:36
132539,13:25:39
132542,13:25:42
132545,13:25:45
132548,13:25:48
132551,13:25:51
132554,13:25:54
132557,13:25:57
132600,13:26:00
132603,13:26:03
132606,13:26:06
132609,13:26:09
132612,13:26:12
132615,13:26:15
132618,13:26:18
132621,13:26:21
132624,13:26:24
132627,13:26:27
132630,13:26:30
132633,13:26:33
132636,13:26:36
132639,13:26:39
132642,13:26:42
132645,13:26:45
132648,13:26:48
132651,13:26:51
132654,13:26:54
132657,13:26:57
132700,13:27:00
132703,13:27:03
132706,13:27:06
132709,13:27:09
132712,13:27:12
132715,13:27:15
132718,13:27:18
132721,13:27:21
132724,13:27:24
132727,13:27:27
132730,13:27:30
132733,13:27:33
132736,13:27:36
132739,13:27:39
132742,13:27:42
132745,13:27:45
132748,13:27:48
132751,13:27:51
132754,13:27:54
132757,13:27:57
132800,13:28:00
132803,13:28:03
132806,13:28:06
132809,13:28:09
132812,13:28:12
132815,13:28:15
132818,13:28:18
132821,13:28:21
132824,13:28:24
132827,13:28:27
132830,13:28:30
132833,13:28:33
132836,13:28:36
132839,13:28:39
132842,13:28:42
132845,13:28:45
132848,13:28:48
132851,13:28:51
132854,13:28:54
132857,13:28:57
132900,13:29:00
132903,13:29:03
132906,13:29:06
132909,13:29:09
132912,13:29:12
132915,13:29:15
132918,13:29:18
132921,13:29:21
132924,13:29:24
132927,13:29:27
132930,13:29:30
132933,13:29:33
132936,13:29:36
132939,13:29:39
132942,13:29:42
132945,13:29:45
132948,13:29:48
132951,13:29:51
132954,13:29:54
132957,13:29:57
133000,13:30:00
133003,13:30:03
133006,13:30:06
133009,13:30:09
133012,13:30:12
133015,13:30:15
133018,13:30:18
133021,13:30:21
133024,13:30:24
133027,13:30:27
133030,13:30:30
133033,13:30:33
133036,13:30:36
133039,13:30:39
133042,13:30:42
133045,13:30:45
133048,13:30:48
133051,13:30:51
133054,13:30:54
133057,13:30:57
133100,13:31:00
133103,13:31:03
133106,13:31:06
133109,13:31:09
133112,13:31:12
133115,13:31:15
133118,13:31:18
133121,13:31:21
133124,13:31:24
133127,13:31:27
133130,13:31:30
133133,13:31:33
133136,13:31:36
133139,13:31:39
133142,13:31:42
133145,13:31:45
133148,13:31:48
133151,13:31:51
133154,13:31:54
133157,13:31:57
133200,13:32:00
133203,13:32:03
133206,13:32:06
133209,13:32:09
133212,13:32:12
133215,13:32:15
133218,13:32:18
133221,13:32:21
133224,13:32:24
133227,13:32:27
133230,13:32:30
133233,13:32:33
133236,13:32:36
133239,13:32:39
133242,13:32:42
133245,13:32:45
133248,13:32:48
133251,13:32:51
133254,13:32:54
133257,13:32:57
133300,13:33:00
133303,13:33:03
133306,13:33:06
133309,13:33:09
133312,13:33:12
133315,13:33:15
133318,13:33:18
133321,13:33:21
133324,13:33:24
133327,13:33:27
133330,13:33:30
133333,13:33:33
133336,13:33:36
133339,13:33:39
133342,13:33:42
133345,13:33:45
133348,13:33:48
133351,13:33:51
133354,13:33:54
133357,13:33:57
133400,13:34:00
133403,13:34:03
133406,13:34:06
133409,13:34:09
133412,13:34:12
133415,13:34:15
133418,13:34:18
133421,13:34:21
133424,13:34:24
133427,13:34:27
133430,13:34:30
133433,13:34:33
133436,13:34:36
133439,13:34:39
133442,13:34:42
133445,13:34:45
133448,13:34:48
133451,13:34:51
133454,13:34:54
133457,13:34:57
133500,13:35:00
133503,13:35:03
133506,13:35:06
133509,13:35:09
133512,13:35:12
133515,13:35:15
133518,13:35:18
133521,13:35:21
133524,13:35:24
133527,13:35:27
133530,13:35:30
133533,13:35:33
133536,13:35:36
133539,13:35:39
133542,13:35:42
133545,13:35:45
133548,13:35:48
133551,13:35:51
133554,13:35:54
133557,13:35:57
133600,13:36:00
133603,13:36:03
133606,13:36:06
133609,13:36:09
133612,13:36:12
133615,13:36:15
133618,13:36:18
133621,13:36:21
133624,13:36:24
133627,13:36:27
133630,13:36:30
133633,13:36:33
133636,13:36:36
133639,13:36:39
133642,13:36:42
133645,13:36:45
133648,13:36:48
133651,13:36:51
133654,13:36:54
133657,13:36:57
133700,13:37:00
133703,13:37:03
133706,13:37:06
133709,13:37:09
133712,13:37:12
133715,13:37:15
133718,13:37:18
133721,13:37:21
133724,13:37:24
133727,13:37:27
133730,13:37:30
133733,13:37:33
133736,13:37:36
133739,13:37:39
133742,13:37:42
133745,13:37:45
133748,13:37:48
133751,13:37:51
133754,13:37:54
133757,13:37:57
133800,13:38:00
133803,13:38:03
133806,13:38:06
133809,13:38:09
133812,13:38:12
133815,13:38:15
133818,13:38:18
133821,13:38:21
133824,13:38:24
133827,13:38:27
133830,13:38:30
133833,13:38:33
133836,13:38:36
133839,13:38:39
133842,13:38:42
133845,13:38:45
133848,13:38:48
133851,13:38:51
133854,13:38:54
133857,13:38:57
133900,13:39:00
133903,13:39:03
133906,13:39:06
133909,13:39:09
133912,13:39:12
133915,13:39:15
133918,13:39:18
133921,13:39:21
133924,13:39:24
133927,13:39:27
133930,13:39:30
133933,13:39:33
133936,13:39:36
133939,13:39:39
133942,13:39:42
133945,13:39:45
133948,13:39:48
133951,13:39:51
133954,13:39:54
133957,13:39:57
134000,13:40:00
134003,13:40:03
134006,13:40:06
134009,13:40:09
134012,13:40:12
134015,13:40:15
134018,13:40:18
134021,13:40:21
134024,13:40:24
134027,13:40:27
134030,13:40:30
134033,13:40:33
134036,13:40:36
134039,13:40:39
134042,13:40:42
134045,13:40:45
134048,13:40:48
134051,13:40:51
134054,13:40:54
134057,13:40:57
134100,13:41:00
134103,13:41:03
134106,13:41:06
134109,13:41:09
134112,13:41:12
134115,13:41:15
134118,13:41:18
134121,13:41:21
134124,13:41:24
134127,13:41:27
134130,13:41:30
134133,13:41:33
134136,13:41:36
134139,13:41:39
134142,13:41:42
134145,13:41:45
134148,13:41:48
134151,13:41:51
134154,13:41:54
134157,13:41:57
134200,13:42:00
134203,13:42:03
134206,13:42:06
134209,13:42:09
134212,13:42:12
134215,13:42:15
134218,13:42:18
134221,13:42:21
134224,13:42:24
134227,13:42:27
134230,13:42:30
134233,13:42:33
134236,13:42:36
134239,13:42:39
134242,13:42:42
134245,13:42:45
134248,13:42:48
134251,13:42:51
134254,13:42:54
134257,13:42:57
134300,13:43:00
134303,13:43:03
134306,13:43:06
134309,13:43:09
134312,13:43:12
134315,13:43:15
134318,13:43:18
134321,13:43:21
134324,13:43:24
134327,13:43:27
134330,13:43:30
134333,13:43:33
134336,13:43:36
134339,13:43:39
134342,13:43:42
134345,13:43:45
134348,13:43:48
134351,13:43:51
134354,13:43:54
134357,13:43:57
134400,13:44:00
134403,13:44:03
134406,13:44:06
134409,13:44:09
134412,13:44:12
134415,13:44:15
134418,13:44:18
134421,13:44:21
134424,13:44:24
134427,13:44:27
134430,13:44:30
134433,13:44:33
134436,13:44:36
134439,13:44:39
134442,13:44:42
134445,13:44:45
134448,13:44:48
134451,13:44:51
134454,13:44:54
134457,13:44:57
134500,13:45:00
134503,13:45:03
134506,13:45:06
134509,13:45:09
134512,13:45:12
134515,13:45:15
134518,13:45:18
134521,13:45:21
134524,13:45:24
134527,13:45:27
134530,13:45:30
134533,13:45:33
134536,13:45:36
134539,13:45:39
134542,13:45:42
134545,13:45:45
134548,13:45:48
134551,13:45:51
134554,13:45:54
134557,13:45:57
134600,13:46:00
134603,13:46:03
134606,13:46:06
134609,13:46:09
134612,13:46:12
134615,13:46:15
134618,13:46:18
134621,13:46:21
134624,13:46:24
134627,13:46:27
134630,13:46:30
134633,13:46:33
134636,13:46:36
134639,13:46:39
134642,13:46:42
134645,13:46:45
134648,13:46:48
134651,13:46:51
134654,13:46:54
134657,13:46:57
134700,13:47:00
134703,13:47:03
134706,13:47:06
134709,13:47:09
134712,13:47:12
134715,13:47:15
134718,13:47:18
134721,13:47:21
134724,13:47:24
134727,13:47:27
134730,13:47:30
134733,13:47:33
134736,13:47:36
134739,13:47:39
134742,13:47:42
134745,13:47:45
134748,13:47:48
134751,13:47:51
134754,13:47:54
134757,13:47:57
134800,13:48:00
134803,13:48:03
134806,13:48:06
134809,13:48:09
134812,13:48:12
134815,13:48:15
134818,13:48:18
134821,13:48:21
134824,13:48:24
134827,13:48:27
134830,13:48:30
134833,13:48:33
134836,13:48:36
134839,13:48:39
134842,13:48:42
134845,13:48:45
134848,13:48:48
134851,13:48:51
134854,13:48:54
134857,13:48:57
134900,13:49:00
134903,13:49:03
134906,13:49:06
134909,13:49:09
134912,13:49:12
134915,13:49:15
134918,13:49:18
134921,13:49:21
134924,13:49:24
134927,13:49:27
134930,13:49:30
134933,13:49:33
134936,13:49:36
134939,13:49:39
134942,13:49:42
134945,13:49:45
134948,13:49:48
134951,13:49:51
134954,13:49:54
134957,13:49:57
135000,13:50:00
135003,13:50:03
135006,13:50:06
135009,13:50:09
135012,13:50:12
135015,13:50:15
135018,13:50:18
135021,13:50:21
135024,13:50:24
135027,13:50:27
135030,13:50:30
135033,13:50:33
135036,13:50:36
135039,13:50:39
135042,13:50:42
135045,13:50:45
135048,13:50:48
135051,13:50:51
135054,13:50:54
135057,13:50:57
135100,13:51:00
135103,13:51:03
135106,13:51:06
135109,13:51:09
135112,13:51:12
135115,13:51:15
135118,13:51:18
135121,13:51:21
135124,13:51:24
135127,13:51:27
135130,13:51:30
135133,13:51:33
135136,13:51:36
135139,13:51:39
135142,13:51:42
135145,13:51:45
135148,13:51:48
135151,13:51:51
135154,13:51:54
135157,13:51:57
135200,13:52:00
135203,13:52:03
135206,13:52:06
135209,13:52:09
135212,13:52:12
135215,13:52:15
135218,13:52:18
135221,13:52:21
135224,13:52:24
135227,13:52:27
135230,13:52:30
135233,13:52:33
135236,13:52:36
135239,13:52:39
135242,13:52:42
135245,13:52:45
135248,13:52:48
135251,13:52:51
135254,13:52:54
135257,13:52:57
135300,13:53:00
135303,13:53:03
135306,13:53:06
135309,13:53:09
135312,13:53:12
135315,13:53:15
135318,13:53:18
135321,13:53:21
135324,13:53:24
135327,13:53:27
135330,13:53:30
135333,13:53:33
135336,13:53:36
135339,13:53:39
135342,13:53:42
135345,13:53:45
135348,13:53:48
135351,13:53:51
135354,13:53:54
135357,13:53:57
135400,13:54:00
135403,13:54:03
135406,13:54:06
135409,13:54:09
135412,13:54:12
135415,13:54:15
135418,13:54:18
135421,13:54:21
135424,13:54:24
135427,13:54:27
135430,13:54:30
135433,13:54:33
135436,13:54:36
135439,13:54:39
135442,13:54:42
135445,13:54:45
135448,13:54:48
135451,13:54:51
135454,13:54:54
135457,13:54:57
135500,13:55:00
135503,13:55:03
135506,13:55:06
135509,13:55:09
135512,13:55:12
135515,13:55:15
135518,13:55:18
135521,13:55:21
135524,13:55:24
135527,13:55:27
135530,13:55:30
135533,13:55:33
135536,13:55:36
135539,13:55:39
135542,13:55:42
135545,13:55:45
135548,13:55:48
135551,13:55:51
135554,13:55:54
135557,13:55:57
135600,13:56:00
135603,13:56:03
135606,13:56:06
135609,13:56:09
135612,13:56:12
135615,13:56:15
135618,13:56:18
135621,13:56:21
135624,13:56:24
135627,13:56:27
135630,13:56:30
135633,13:56:33
135636,13:56:36
135639,13:56:39
135642,13:56:42
135645,13:56:45
135648,13:56:48
135651,13:56:51
135654,13:56:54
135657,13:56:57
135700,13:57:00
135703,13:57:03
135706,13:57:06
135709,13:57:09
135712,13:57:12
135715,13:57:15
135718,13:57:18
135721,13:57:21
135724,13:57:24
135727,13:57:27
135730,13:57:30
135733,13:57:33
135736,13:57:36
135739,13:57:39
135742,13:57:42
135745,13:57:45
135748,13:57:48
135751,13:57:51
135754,13:57:54
135757,13:57:57
135800,13:58:00
135803,13:58:03
135806,13:58:06
135809,13:58:09
135812,13:58:12
135815,13:58:15
135818,13:58:18
135821,13:58:21
135824,13:58:24
135827,13:58:27
135830,13:58:30
135833,13:58:33
135836,13:58:36
135839,13:58:39
135842,13:58:42
135845,13:58:45
135848,13:58:48
135851,13:58:51
135854,13:58:54
135857,13:58:57
135900,13:59:00
135903,13:59:03
135906,13:59:06
135909,13:59:09
135912,13:59:12
135915,13:59:15
135918,13:59:18
135921,13:59:21
135924,13:59:24
135927,13:59:27
135930,13:59:30
135933,13:59:33
135936,13:59:36
135939,13:59:39
135942,13:59:42
135945,13:59:45
135948,13:59:48
135951,13:59:51
135954,13:59:54
135957,13:59:57
140000,14:00:00
140003,14:00:03
140006,14:00:06
140009,14:00:09
140012,14:00:12
140015,14:00:15
140018,14:00:18
140021,14:00:21
140024,14:00:24
140027,14:00:27
140030,14:00:30
140033,14:00:33
140036,14:00:36
140039,14:00:39
140042,14:00:42
140045,14:00:45
140048,14:00:48
140051,14:00:51
140054,14:00:54
140057,14:00:57
140100,14:01:00
140103,14:01:03
140106,14:01:06
140109,14:01:09
140112,14:01:12
140115,14:01:15
140118,14:01:18
140121,14:01:21
140124,14:01:24
140127,14:01:27
140130,14:01:30
140133,14:01:33
140136,14:01:36
140139,14:01:39
140142,14:01:42
140145,14:01:45
140148,14:01:48
140151,14:01:51
140154,14:01:54
140157,14:01:57
140200,14:02:00
140203,14:02:03
140206,14:02:06
140209,14:02:09
140212,14:02:12
140215,14:02:15
140218,14:02:18
140221,14:02:21
140224,14:02:24
140227,14:02:27
140230,14:02:30
140233,14:02:33
140236,14:02:36
140239,14:02:39
140242,14:02:42
140245,14:02:45
140248,14:02:48
140251,14:02:51
140254,14:02:54
140257,14:02:57
140300,14:03:00
140303,14:03:03
140306,14:03:06
140309,14:03:09
140312,14:03:12
140315,14:03:15
140318,14:03:18
140321,14:03:21
140324,14:03:24
140327,14:03:27
140330,14:03:30
140333,14:03:33
140336,14:03:36
140339,14:03:39
140342,14:03:42
140345,14:03:45
140348,14:03:48
140351,14:03:51
140354,14:03:54
140357,14:03:57
140400,14:04:00
140403,14:04:03
140406,14:04:06
140409,14:04:09
140412,14:04:12
140415,14:04:15
140418,14:04:18
140421,14:04:21
140424,14:04:24
140427,14:04:27
140430,14:04:30
140433,14:04:33
140436,14:04:36
140439,14:04:39
140442,14:04:42
140445,14:04:45
140448,14:04:48
140451,14:04:51
140454,14:04:54
140457,14:04:57
140500,14:05:00
140503,14:05:03
140506,14:05:06
140509,14:05:09
140512,14:05:12
140515,14:05:15
140518,14:05:18
140521,14:05:21
140524,14:05:24
140527,14:05:27
140530,14:05:30
140533,14:05:33
140536,14:05:36
140539,14:05:39
140542,14:05:42
140545,14:05:45
140548,14:05:48
140551,14:05:51
140554,14:05:54
140557,14:05:57
140600,14:06:00
140603,14:06:03
140606,14:06:06
140609,14:06:09
140612,14:06:12
140615,14:06:15
140618,14:06:18
140621,14:06:21
140624,14:06:24
140627,14:06:27
140630,14:06:30
140633,14:06:33
140636,14:06:36
140639,14:06:39
140642,14:06:42
140645,14:06:45
140648,14:06:48
140651,14:06:51
140654,14:06:54
140657,14:06:57
140700,14:07:00
140703,14:07:03
140706,14:07:06
140709,14:07:09
140712,14:07:12
140715,14:07:15
140718,14:07:18
140721,14:07:21
140724,14:07:24
140727,14:07:27
140730,14:07:30
140733,14:07:33
140736,14:07:36
140739,14:07:39
140742,14:07:42
140745,14:07:45
140748,14:07:48
140751,14:07:51
140754,14:07:54
140757,14:07:57
140800,14:08:00
140803,14:08:03
140806,14:08:06
140809,14:08:09
140812,14:08:12
140815,14:08:15
140818,14:08:18
140821,14:08:21
140824,14:08:24
140827,14:08:27
140830,14:08:30
140833,14:08:33
140836,14:08:36
140839,14:08:39
140842,14:08:42
140845,14:08:45
140848,14:08:48
140851,14:08:51
140854,14:08:54
140857,14:08:57
140900,14:09:00
140903,14:09:03
140906,14:09:06
140909,14:09:09
140912,14:09:12
140915,14:09:15
140918,14:09:18
140921,14:09:21
140924,14:09:24
140927,14:09:27
140930,14:09:30
140933,14:09:33
140936,14:09:36
140939,14:09:39
140942,14:09:42
140945,14:09:45
140948,14:09:48
140951,14:09:51
140954,14:09:54
140957,14:09:57
141000,14:10:00
141003,14:10:03
141006,14:10:06
141009,14:10:09
141012,14:10:12
141015,14:10:15
141018,14:10:18
141021,14:10:21
141024,14:10:24
141027,14:10:27
141030,14:10:30
141033,14:10:33
141036,14:10:36
141039,14:10:39
141042,14:10:42
141045,14:10:45
141048,14:10:48
141051,14:10:51
141054,14:10:54
141057,14:10:57
141100,14:11:00
141103,14:11:03
141106,14:11:06
141109,14:11:09
141112,14:11:12
141115,14:11:15
141118,14:11:18
141121,14:11:21
141124,14:11:24
141127,14:11:27
141130,14:11:30
141133,14:11:33
141136,14:11:36
141139,14:11:39
141142,14:11:42
141145,14:11:45
141148,14:11:48
141151,14:11:51
141154,14:11:54
141157,14:11:57
141200,14:12:00
141203,14:12:03
141206,14:12:06
141209,14:12:09
141212,14:12:12
141215,14:12:15
141218,14:12:18
141221,14:12:21
141224,14:12:24
141227,14:12:27
141230,14:12:30
141233,14:12:33
141236,14:12:36
141239,14:12:39
141242,14:12:42
141245,14:12:45
141248,14:12:48
141251,14:12:51
141254,14:12:54
141257,14:12:57
141300,14:13:00
141303,14:13:03
141306,14:13:06
141309,14:13:09
141312,14:13:12
141315,14:13:15
141318,14:13:18
141321,14:13:21
141324,14:13:24
141327,14:13:27
141330,14:13:30
141333,14:13:33
141336,14:13:36
141339,14:13:39
141342,14:13:42
141345,14:13:45
141348,14:13:48
141351,14:13:51
141354,14:13:54
141357,14:13:57
141400,14:14:00
141403,14:14:03
141406,14:14:06
141409,14:14:09
141412,14:14:12
141415,14:14:15
141418,14:14:18
141421,14:14:21
141424,14:14:24
141427,14:14:27
141430,14:14:30
141433,14:14:33
141436,14:14:36
141439,14:14:39
141442,14:14:42
141445,14:14:45
141448,14:14:48
141451,14:14:51
141454,14:14:54
141457,14:14:57
141500,14:15:00
141503,14:15:03
141506,14:15:06
141509,14:15:09
141512,14:15:12
141515,14:15:15
141518,14:15:18
141521,14:15:21
141524,14:15:24
141527,14:15:27
141530,14:15:30
141533,14:15:33
141536,14:15:36
141539,14:15:39
141542,14:15:42
141545,14:15:45
141548,14:15:48
141551,14:15:51
141554,14:15:54
141557,14:15:57
141600,14:16:00
141603,14:16:03
141606,14:16:06
141609,14:16:09
141612,14:16:12
141615,14:16:15
141618,14:16:18
141621,14:16:21
141624,14:16:24
141627,14:16:27
141630,14:16:30
141633,14:16:33
141636,14:16:36
141639,14:16:39
141642,14:16:42
141645,14:16:45
141648,14:16:48
141651,14:16:51
141654,14:16:54
141657,14:16:57
141700,14:17:00
141703,14:17:03
141706,14:17:06
141709,14:17:09
141712,14:17:12
141715,14:17:15
141718,14:17:18
141721,14:17:21
141724,14:17:24
141727,14:17:27
141730,14:17:30
141733,14:17:33
141736,14:17:36
141739,14:17:39
141742,14:17:42
141745,14:17:45
141748,14:17:48
141751,14:17:51
141754,14:17:54
141757,14:17:57
141800,14:18:00
141803,14:18:03
141806,14:18:06
141809,14:18:09
141812,14:18:12
141815,14:18:15
141818,14:18:18
141821,14:18:21
141824,14:18:24
141827,14:18:27
141830,14:18:30
141833,14:18:33
141836,14:18:36
141839,14:18:39
141842,14:18:42
141845,14:18:45
141848,14:18:48
141851,14:18:51
141854,14:18:54
141857,14:18:57
141900,14:19:00
141903,14:19:03
141906,14:19:06
141909,14:19:09
141912,14:19:12
141915,14:19:15
141918,14:19:18
141921,14:19:21
141924,14:19:24
141927,14:19:27
141930,14:19:30
141933,14:19:33
141936,14:19:36
141939,14:19:39
141942,14:19:42
141945,14:19:45
141948,14:19:48
141951,14:19:51
141954,14:19:54
141957,14:19:57
142000,14:20:00
142003,14:20:03
142006,14:20:06
142009,14:20:09
142012,14:20:12
142015,14:20:15
142018,14:20:18
142021,14:20:21
142024,14:20:24
142027,14:20:27
142030,14:20:30
142033,14:20:33
142036,14:20:36
142039,14:20:39
142042,14:20:42
142045,14:20:45
142048,14:20:48
142051,14:20:51
142054,14:20:54
142057,14:20:57
142100,14:21:00
142103,14:21:03
142106,14:21:06
142109,14:21:09
142112,14:21:12
142115,14:21:15
142118,14:21:18
142121,14:21:21
142124,14:21:24
142127,14:21:27
142130,14:21:30
142133,14:21:33
142136,14:21:36
142139,14:21:39
142142,14:21:42
142145,14:21:45
142148,14:21:48
142151,14:21:51
142154,14:21:54
142157,14:21:57
142200,14:22:00
142203,14:22:03
142206,14:22:06
142209,14:22:09
142212,14:22:12
142215,14:22:15
142218,14:22:18
142221,14:22:21
142224,14:22:24
142227,14:22:27
142230,14:22:30
142233,14:22:33
142236,14:22:36
142239,14:22:39
142242,14:22:42
142245,14:22:45
142248,14:22:48
142251,14:22:51
142254,14:22:54
142257,14:22:57
142300,14:23:00
142303,14:23:03
142306,14:23:06
142309,14:23:09
142312,14:23:12
142315,14:23:15
142318,14:23:18
142321,14:23:21
142324,14:23:24
142327,14:23:27
142330,14:23:30
142333,14:23:33
142336,14:23:36
142339,14:23:39
142342,14:23:42
142345,14:23:45
142348,14:23:48
142351,14:23:51
142354,14:23:54
142357,14:23:57
142400,14:24:00
142403,14:24:03
142406,14:24:06
142409,14:24:09
142412,14:24:12
142415,14:24:15
142418,14:24:18
142421,14:24:21
142424,14:24:24
142427,14:24:27
142430,14:24:30
142433,14:24:33
142436,14:24:36
142439,14:24:39
142442,14:24:42
142445,14:24:45
142448,14:24:48
142451,14:24:51
142454,14:24:54
142457,14:24:57
142500,14:25:00
142503,14:25:03
142506,14:25:06
142509,14:25:09
142512,14:25:12
142515,14:25:15
142518,14:25:18
142521,14:25:21
142524,14:25:24
142527,14:25:27
142530,14:25:30
142533,14:25:33
142536,14:25:36
142539,14:25:39
142542,14:25:42
142545,14:25:45
142548,14:25:48
142551,14:25:51
142554,14:25:54
142557,14:25:57
142600,14:26:00
142603,14:26:03
142606,14:26:06
142609,14:26:09
142612,14:26:12
142615,14:26:15
142618,14:26:18
142621,14:26:21
142624,14:26:24
142627,14:26:27
142630,14:26:30
142633,14:26:33
142636,14:26:36
142639,14:26:39
142642,14:26:42
142645,14:26:45
142648,14:26:48
142651,14:26:51
142654,14:26:54
142657,14:26:57
142700,14:27:00
142703,14:27:03
142706,14:27:06
142709,14:27:09
142712,14:27:12
142715,14:27:15
142718,14:27:18
142721,14:27:21
142724,14:27:24
142727,14:27:27
142730,14:27:30
142733,14:27:33
142736,14:27:36
142739,14:27:39
142742,14:27:42
142745,14:27:45
142748,14:27:48
142751,14:27:51
142754,14:27:54
142757,14:27:57
142800,14:28:00
142803,14:28:03
142806,14:28:06
142809,14:28:09
142812,14:28:12
142815,14:28:15
142818,14:28:18
142821,14:28:21
142824,14:28:24
142827,14:28:27
142830,14:28:30
142833,14:28:33
142836,14:28:36
142839,14:28:39
142842,14:28:42
142845,14:28:45
142848,14:28:48
142851,14:28:51
142854,14:28:54
142857,14:28:57
142900,14:29:00
142903,14:29:03
142906,14:29:06
142909,14:29:09
142912,14:29:12
142915,14:29:15
142918,14:29:18
142921,14:29:21
142924,14:29:24
142927,14:29:27
142930,14:29:30
142933,14:29:33
142936,14:29:36
142939,14:29:39
142942,14:29:42
142945,14:29:45
142948,14:29:48
142951,14:29:51
142954,14:29:54
142957,14:29:57
143000,14:30:00
143003,14:30:03
143006,14:30:06
143009,14:30:09
143012,14:30:12
143015,14:30:15
143018,14:30:18
143021,14:30:21
143024,14:30:24
143027,14:30:27
143030,14:30:30
143033,14:30:33
143036,14:30:36
143039,14:30:39
143042,14:30:42
143045,14:30:45
143048,14:30:48
143051,14:30:51
143054,14:30:54
143057,14:30:57
143100,14:31:00
143103,14:31:03
143106,14:31:06
143109,14:31:09
143112,14:31:12
143115,14:31:15
143118,14:31:18
143121,14:31:21
143124,14:31:24
143127,14:31:27
143130,14:31:30
143133,14:31:33
143136,14:31:36
143139,14:31:39
143142,14:31:42
143145,14:31:45
143148,14:31:48
143151,14:31:51
143154,14:31:54
143157,14:31:57
143200,14:32:00
143203,14:32:03
143206,14:32:06
143209,14:32:09
143212,14:32:12
143215,14:32:15
143218,14:32:18
143221,14:32:21
143224,14:32:24
143227,14:32:27
143230,14:32:30
143233,14:32:33
143236,14:32:36
143239,14:32:39
143242,14:32:42
143245,14:32:45
143248,14:32:48
143251,14:32:51
143254,14:32:54
143257,14:32:57
143300,14:33:00
143303,14:33:03
143306,14:33:06
143309,14:33:09
143312,14:33:12
143315,14:33:15
143318,14:33:18
143321,14:33:21
143324,14:33:24
143327,14:33:27
143330,14:33:30
143333,14:33:33
143336,14:33:36
143339,14:33:39
143342,14:33:42
143345,14:33:45
143348,14:33:48
143351,14:33:51
143354,14:33:54
143357,14:33:57
143400,14:34:00
143403,14:34:03
143406,14:34:06
143409,14:34:09
143412,14:34:12
143415,14:34:15
143418,14:34:18
143421,14:34:21
143424,14:34:24
143427,14:34:27
143430,14:34:30
143433,14:34:33
143436,14:34:36
143439,14:34:39
143442,14:34:42
143445,14:34:45
143448,14:34:48
143451,14:34:51
143454,14:34:54
143457,14:34:57
143500,14:35:00
143503,14:35:03
143506,14:35:06
143509,14:35:09
143512,14:35:12
143515,14:35:15
143518,14:35:18
143521,14:35:21
143524,14:35:24
143527,14:35:27
143530,14:35:30
143533,14:35:33
143536,14:35:36
143539,14:35:39
143542,14:35:42
143545,14:35:45
143548,14:35:48
143551,14:35:51
143554,14:35:54
143557,14:35:57
143600,14:36:00
143603,14:36:03
143606,14:36:06
143609,14:36:09
143612,14:36:12
143615,14:36:15
143618,14:36:18
143621,14:36:21
143624,14:36:24
143627,14:36:27
143630,14:36:30
143633,14:36:33
143636,14:36:36
143639,14:36:39
143642,14:36:42
143645,14:36:45
143648,14:36:48
143651,14:36:51
143654,14:36:54
143657,14:36:57
143700,14:37:00
143703,14:37:03
143706,14:37:06
143709,14:37:09
143712,14:37:12
143715,14:37:15
143718,14:37:18
143721,14:37:21
143724,14:37:24
143727,14:37:27
143730,14:37:30
143733,14:37:33
143736,14:37:36
143739,14:37:39
143742,14:37:42
143745,14:37:45
143748,14:37:48
143751,14:37:51
143754,14:37:54
143757,14:37:57
143800,14:38:00
143803,14:38:03
143806,14:38:06
143809,14:38:09
143812,14:38:12
143815,14:38:15
143818,14:38:18
143821,14:38:21
143824,14:38:24
143827,14:38:27
143830,14:38:30
143833,14:38:33
143836,14:38:36
143839,14:38:39
143842,14:38:42
143845,14:38:45
143848,14:38:48
143851,14:38:51
143854,14:38:54
143857,14:38:57
143900,14:39:00
143903,14:39:03
143906,14:39:06
143909,14:39:09
143912,14:39:12
143915,14:39:15
143918,14:39:18
143921,14:39:21
143924,14:39:24
143927,14:39:27
143930,14:39:30
143933,14:39:33
143936,14:39:36
143939,14:39:39
143942,14:39:42
143945,14:39:45
143948,14:39:48
143951,14:39:51
143954,14:39:54
143957,14:39:57
144000,14:40:00
144003,14:40:03
144006,14:40:06
144009,14:40:09
144012,14:40:12
144015,14:40:15
144018,14:40:18
144021,14:40:21
144024,14:40:24
144027,14:40:27
144030,14:40:30
144033,14:40:33
144036,14:40:36
144039,14:40:39
144042,14:40:42
144045,14:40:45
144048,14:40:48
144051,14:40:51
144054,14:40:54
144057,14:40:57
144100,14:41:00
144103,14:41:03
144106,14:41:06
144109,14:41:09
144112,14:41:12
144115,14:41:15
144118,14:41:18
144121,14:41:21
144124,14:41:24
144127,14:41:27
144130,14:41:30
144133,14:41:33
144136,14:41:36
144139,14:41:39
144142,14:41:42
144145,14:41:45
144148,14:41:48
144151,14:41:51
144154,14:41:54
144157,14:41:57
144200,14:42:00
144203,14:42:03
144206,14:42:06
144209,14:42:09
144212,14:42:12
144215,14:42:15
144218,14:42:18
144221,14:42:21
144224,14:42:24
144227,14:42:27
144230,14:42:30
144233,14:42:33
144236,14:42:36
144239,14:42:39
144242,14:42:42
144245,14:42:45
144248,14:42:48
144251,14:42:51
144254,14:42:54
144257,14:42:57
144300,14:43:00
144303,14:43:03
144306,14:43:06
144309,14:43:09
144312,14:43:12
144315,14:43:15
144318,14:43:18
144321,14:43:21
144324,14:43:24
144327,14:43:27
144330,14:43:30
144333,14:43:33
144336,14:43:36
144339,14:43:39
144342,14:43:42
144345,14:43:45
144348,14:43:48
144351,14:43:51
144354,14:43:54
144357,14:43:57
144400,14:44:00
144403,14:44:03
144406,14:44:06
144409,14:44:09
144412,14:44:12
144415,14:44:15
144418,14:44:18
144421,14:44:21
144424,14:44:24
144427,14:44:27
144430,14:44:30
144433,14:44:33
144436,14:44:36
144439,14:44:39
144442,14:44:42
144445,14:44:45
144448,14:44:48
144451,14:44:51
144454,14:44:54
144457,14:44:57
144500,14:45:00
144503,14:45:03
144506,14:45:06
144509,14:45:09
144512,14:45:12
144515,14:45:15
144518,14:45:18
144521,14:45:21
144524,14:45:24
144527,14:45:27
144530,14:45:30
144533,14:45:33
144536,14:45:36
144539,14:45:39
144542,14:45:42
144545,14:45:45
144548,14:45:48
144551,14:45:51
144554,14:45:54
144557,14:45:57
144600,14:46:00
144603,14:46:03
144606,14:46:06
144609,14:46:09
144612,14:46:12
144615,14:46:15
144618,14:46:18
144621,14:46:21
144624,14:46:24
144627,14:46:27
144630,14:46:30
144633,14:46:33
144636,14:46:36
144639,14:46:39
144642,14:46:42
144645,14:46:45
144648,14:46:48
144651,14:46:51
144654,14:46:54
144657,14:46:57
144700,14:47:00
144703,14:47:03
144706,14:47:06
144709,14:47:09
144712,14:47:12
144715,14:47:15
144718,14:47:18
144721,14:47:21
144724,14:47:24
144727,14:47:27
144730,14:47:30
144733,14:47:33
144736,14:47:36
144739,14:47:39
144742,14:47:42
144745,14:47:45
144748,14:47:48
144751,14:47:51
144754,14:47:54
144757,14:47:57
144800,14:48:00
144803,14:48:03
144806,14:48:06
144809,14:48:09
144812,14:48:12
144815,14:48:15
144818,14:48:18
144821,14:48:21
144824,14:48:24
144827,14:48:27
144830,14:48:30
144833,14:48:33
144836,14:48:36
144839,14:48:39
144842,14:48:42
144845,14:48:45
144848,14:48:48
144851,14:48:51
144854,14:48:54
144857,14:48:57
144900,14:49:00
144903,14:49:03
144906,14:49:06
144909,14:49:09
144912,14:49:12
144915,14:49:15
144918,14:49:18
144921,14:49:21
144924,14:49:24
144927,14:49:27
144930,14:49:30
144933,14:49:33
144936,14:49:36
144939,14:49:39
144942,14:49:42
144945,14:49:45
144948,14:49:48
144951,14:49:51
144954,14:49:54
144957,14:49:57
145000,14:50:00
145003,14:50:03
145006,14:50:06
145009,14:50:09
145012,14:50:12
145015,14:50:15
145018,14:50:18
145021,14:50:21
145024,14:50:24
145027,14:50:27
145030,14:50:30
145033,14:50:33
145036,14:50:36
145039,14:50:39
145042,14:50:42
145045,14:50:45
145048,14:50:48
145051,14:50:51
145054,14:50:54
145057,14:50:57
145100,14:51:00
145103,14:51:03
145106,14:51:06
145109,14:51:09
145112,14:51:12
145115,14:51:15
145118,14:51:18
145121,14:51:21
145124,14:51:24
145127,14:51:27
145130,14:51:30
145133,14:51:33
145136,14:51:36
145139,14:51:39
145142,14:51:42
145145,14:51:45
145148,14:51:48
145151,14:51:51
145154,14:51:54
145157,14:51:57
145200,14:52:00
145203,14:52:03
145206,14:52:06
145209,14:52:09
145212,14:52:12
145215,14:52:15
145218,14:52:18
145221,14:52:21
145224,14:52:24
145227,14:52:27
145230,14:52:30
145233,14:52:33
145236,14:52:36
145239,14:52:39
145242,14:52:42
145245,14:52:45
145248,14:52:48
145251,14:52:51
145254,14:52:54
145257,14:52:57
145300,14:53:00
145303,14:53:03
145306,14:53:06
145309,14:53:09
145312,14:53:12
145315,14:53:15
145318,14:53:18
145321,14:53:21
145324,14:53:24
145327,14:53:27
145330,14:53:30
145333,14:53:33
145336,14:53:36
145339,14:53:39
145342,14:53:42
145345,14:53:45
145348,14:53:48
145351,14:53:51
145354,14:53:54
145357,14:53:57
145400,14:54:00
145403,14:54:03
145406,14:54:06
145409,14:54:09
145412,14:54:12
145415,14:54:15
145418,14:54:18
145421,14:54:21
145424,14:54:24
145427,14:54:27
145430,14:54:30
145433,14:54:33
145436,14:54:36
145439,14:54:39
145442,14:54:42
145445,14:54:45
145448,14:54:48
145451,14:54:51
145454,14:54:54
145457,14:54:57
145500,14:55:00
145503,14:55:03
145506,14:55:06
145509,14:55:09
145512,14:55:12
145515,14:55:15
145518,14:55:18
145521,14:55:21
145524,14:55:24
145527,14:55:27
145530,14:55:30
145533,14:55:33
145536,14:55:36
145539,14:55:39
145542,14:55:42
145545,14:55:45
145548,14:55:48
145551,14:55:51
145554,14:55:54
145557,14:55:57
145600,14:56:00
145603,14:56:03
145606,14:56:06
145609,14:56:09
145612,14:56:12
145615,14:56:15
145618,14:56:18
145621,14:56:21
145624,14:56:24
145627,14:56:27
145630,14:56:30
145633,14:56:33
145636,14:56:36
145639,14:56:39
145642,14:56:42
145645,14:56:45
145648,14:56:48
145651,14:56:51
145654,14:56:54
145657,14:56:57
145700,14:57:00
145703,14:57:03
145706,14:57:06
145709,14:57:09
145712,14:57:12
145715,14:57:15
145718,14:57:18
145721,14:57:21
145724,14:57:24
145727,14:57:27
145730,14:57:30
145733,14:57:33
145736,14:57:36
145739,14:57:39
145742,14:57:42
145745,14:57:45
145748,14:57:48
145751,14:57:51
145754,14:57:54
145757,14:57:57
145800,14:58:00
145803,14:58:03
145806,14:58:06
145809,14:58:09
145812,14:58:12
145815,14:58:15
145818,14:58:18
145821,14:58:21
145824,14:58:24
145827,14:58:27
145830,14:58:30
145833,14:58:33
145836,14:58:36
145839,14:58:39
145842,14:58:42
145845,14:58:45
145848,14:58:48
145851,14:58:51
145854,14:58:54
145857,14:58:57
145900,14:59:00
145903,14:59:03
145906,14:59:06
145909,14:59:09
145912,14:59:12
145915,14:59:15
145918,14:59:18
145921,14:59:21
145924,14:59:24
145927,14:59:27
145930,14:59:30
145933,14:59:33
145936,14:59:36
145939,14:59:39
145942,14:59:42
145945,14:59:45
145948,14:59:48
145951,14:59:51
145954,14:59:54
145957,14:59:57
150000,15:00:00
