,time
0,93000
1,93003
2,93006
3,93009
4,93012
5,93015
6,93018
7,93021
8,93024
9,93027
10,93030
11,93033
12,93036
13,93039
14,93042
15,93045
16,93048
17,93051
18,93054
19,93057
20,93100
21,93103
22,93106
23,93109
24,93112
25,93115
26,93118
27,93121
28,93124
29,93127
30,93130
31,93133
32,93136
33,93139
34,93142
35,93145
36,93148
37,93151
38,93154
39,93157
40,93200
41,93203
42,93206
43,93209
44,93212
45,93215
46,93218
47,93221
48,93224
49,93227
50,93230
51,93233
52,93236
53,93239
54,93242
55,93245
56,93248
57,93251
58,93254
59,93257
60,93300
61,93303
62,93306
63,93309
64,93312
65,93315
66,93318
67,93321
68,93324
69,93327
70,93330
71,93333
72,93336
73,93339
74,93342
75,93345
76,93348
77,93351
78,93354
79,93357
80,93400
81,93403
82,93406
83,93409
84,93412
85,93415
86,93418
87,93421
88,93424
89,93427
90,93430
91,93433
92,93436
93,93439
94,93442
95,93445
96,93448
97,93451
98,93454
99,93457
100,93500
101,93503
102,93506
103,93509
104,93512
105,93515
106,93518
107,93521
108,93524
109,93527
110,93530
111,93533
112,93536
113,93539
114,93542
115,93545
116,93548
117,93551
118,93554
119,93557
120,93600
121,93603
122,93606
123,93609
124,93612
125,93615
126,93618
127,93621
128,93624
129,93627
130,93630
131,93633
132,93636
133,93639
134,93642
135,93645
136,93648
137,93651
138,93654
139,93657
140,93700
141,93703
142,93706
143,93709
144,93712
145,93715
146,93718
147,93721
148,93724
149,93727
150,93730
151,93733
152,93736
153,93739
154,93742
155,93745
156,93748
157,93751
158,93754
159,93757
160,93800
161,93803
162,93806
163,93809
164,93812
165,93815
166,93818
167,93821
168,93824
169,93827
170,93830
171,93833
172,93836
173,93839
174,93842
175,93845
176,93848
177,93851
178,93854
179,93857
180,93900
181,93903
182,93906
183,93909
184,93912
185,93915
186,93918
187,93921
188,93924
189,93927
190,93930
191,93933
192,93936
193,93939
194,93942
195,93945
196,93948
197,93951
198,93954
199,93957
200,94000
201,94003
202,94006
203,94009
204,94012
205,94015
206,94018
207,94021
208,94024
209,94027
210,94030
211,94033
212,94036
213,94039
214,94042
215,94045
216,94048
217,94051
218,94054
219,94057
220,94100
221,94103
222,94106
223,94109
224,94112
225,94115
226,94118
227,94121
228,94124
229,94127
230,94130
231,94133
232,94136
233,94139
234,94142
235,94145
236,94148
237,94151
238,94154
239,94157
240,94200
241,94203
242,94206
243,94209
244,94212
245,94215
246,94218
247,94221
248,94224
249,94227
250,94230
251,94233
252,94236
253,94239
254,94242
255,94245
256,94248
257,94251
258,94254
259,94257
260,94300
261,94303
262,94306
263,94309
264,94312
265,94315
266,94318
267,94321
268,94324
269,94327
270,94330
271,94333
272,94336
273,94339
274,94342
275,94345
276,94348
277,94351
278,94354
279,94357
280,94400
281,94403
282,94406
283,94409
284,94412
285,94415
286,94418
287,94421
288,94424
289,94427
290,94430
291,94433
292,94436
293,94439
294,94442
295,94445
296,94448
297,94451
298,94454
299,94457
300,94500
301,94503
302,94506
303,94509
304,94512
305,94515
306,94518
307,94521
308,94524
309,94527
310,94530
311,94533
312,94536
313,94539
314,94542
315,94545
316,94548
317,94551
318,94554
319,94557
320,94600
321,94603
322,94606
323,94609
324,94612
325,94615
326,94618
327,94621
328,94624
329,94627
330,94630
331,94633
332,94636
333,94639
334,94642
335,94645
336,94648
337,94651
338,94654
339,94657
340,94700
341,94703
342,94706
343,94709
344,94712
345,94715
346,94718
347,94721
348,94724
349,94727
350,94730
351,94733
352,94736
353,94739
354,94742
355,94745
356,94748
357,94751
358,94754
359,94757
360,94800
361,94803
362,94806
363,94809
364,94812
365,94815
366,94818
367,94821
368,94824
369,94827
370,94830
371,94833
372,94836
373,94839
374,94842
375,94845
376,94848
377,94851
378,94854
379,94857
380,94900
381,94903
382,94906
383,94909
384,94912
385,94915
386,94918
387,94921
388,94924
389,94927
390,94930
391,94933
392,94936
393,94939
394,94942
395,94945
396,94948
397,94951
398,94954
399,94957
400,95000
401,95003
402,95006
403,95009
404,95012
405,95015
406,95018
407,95021
408,95024
409,95027
410,95030
411,95033
412,95036
413,95039
414,95042
415,95045
416,95048
417,95051
418,95054
419,95057
420,95100
421,95103
422,95106
423,95109
424,95112
425,95115
426,95118
427,95121
428,95124
429,95127
430,95130
431,95133
432,95136
433,95139
434,95142
435,95145
436,95148
437,95151
438,95154
439,95157
440,95200
441,95203
442,95206
443,95209
444,95212
445,95215
446,95218
447,95221
448,95224
449,95227
450,95230
451,95233
452,95236
453,95239
454,95242
455,95245
456,95248
457,95251
458,95254
459,95257
460,95300
461,95303
462,95306
463,95309
464,95312
465,95315
466,95318
467,95321
468,95324
469,95327
470,95330
471,95333
472,95336
473,95339
474,95342
475,95345
476,95348
477,95351
478,95354
479,95357
480,95400
481,95403
482,95406
483,95409
484,95412
485,95415
486,95418
487,95421
488,95424
489,95427
490,95430
491,95433
492,95436
493,95439
494,95442
495,95445
496,95448
497,95451
498,95454
499,95457
500,95500
501,95503
502,95506
503,95509
504,95512
505,95515
506,95518
507,95521
508,95524
509,95527
510,95530
511,95533
512,95536
513,95539
514,95542
515,95545
516,95548
517,95551
518,95554
519,95557
520,95600
521,95603
522,95606
523,95609
524,95612
525,95615
526,95618
527,95621
528,95624
529,95627
530,95630
531,95633
532,95636
533,95639
534,95642
535,95645
536,95648
537,95651
538,95654
539,95657
540,95700
541,95703
542,95706
543,95709
544,95712
545,95715
546,95718
547,95721
548,95724
549,95727
550,95730
551,95733
552,95736
553,95739
554,95742
555,95745
556,95748
557,95751
558,95754
559,95757
560,95800
561,95803
562,95806
563,95809
564,95812
565,95815
566,95818
567,95821
568,95824
569,95827
570,95830
571,95833
572,95836
573,95839
574,95842
575,95845
576,95848
577,95851
578,95854
579,95857
580,95900
581,95903
582,95906
583,95909
584,95912
585,95915
586,95918
587,95921
588,95924
589,95927
590,95930
591,95933
592,95936
593,95939
594,95942
595,95945
596,95948
597,95951
598,95954
599,95957
600,100000
601,100003
602,100006
603,100009
604,100012
605,100015
606,100018
607,100021
608,100024
609,100027
610,100030
611,100033
612,100036
613,100039
614,100042
615,100045
616,100048
617,100051
618,100054
619,100057
620,100100
621,100103
622,100106
623,100109
624,100112
625,100115
626,100118
627,100121
628,100124
629,100127
630,100130
631,100133
632,100136
633,100139
634,100142
635,100145
636,100148
637,100151
638,100154
639,100157
640,100200
641,100203
642,100206
643,100209
644,100212
645,100215
646,100218
647,100221
648,100224
649,100227
650,100230
651,100233
652,100236
653,100239
654,100242
655,100245
656,100248
657,100251
658,100254
659,100257
660,100300
661,100303
662,100306
663,100309
664,100312
665,100315
666,100318
667,100321
668,100324
669,100327
670,100330
671,100333
672,100336
673,100339
674,100342
675,100345
676,100348
677,100351
678,100354
679,100357
680,100400
681,100403
682,100406
683,100409
684,100412
685,100415
686,100418
687,100421
688,100424
689,100427
690,100430
691,100433
692,100436
693,100439
694,100442
695,100445
696,100448
697,100451
698,100454
699,100457
700,100500
701,100503
702,100506
703,100509
704,100512
705,100515
706,100518
707,100521
708,100524
709,100527
710,100530
711,100533
712,100536
713,100539
714,100542
715,100545
716,100548
717,100551
718,100554
719,100557
720,100600
721,100603
722,100606
723,100609
724,100612
725,100615
726,100618
727,100621
728,100624
729,100627
730,100630
731,100633
732,100636
733,100639
734,100642
735,100645
736,100648
737,100651
738,100654
739,100657
740,100700
741,100703
742,100706
743,100709
744,100712
745,100715
746,100718
747,100721
748,100724
749,100727
750,100730
751,100733
752,100736
753,100739
754,100742
755,100745
756,100748
757,100751
758,100754
759,100757
760,100800
761,100803
762,100806
763,100809
764,100812
765,100815
766,100818
767,100821
768,100824
769,100827
770,100830
771,100833
772,100836
773,100839
774,100842
775,100845
776,100848
777,100851
778,100854
779,100857
780,100900
781,100903
782,100906
783,100909
784,100912
785,100915
786,100918
787,100921
788,100924
789,100927
790,100930
791,100933
792,100936
793,100939
794,100942
795,100945
796,100948
797,100951
798,100954
799,100957
800,101000
801,101003
802,101006
803,101009
804,101012
805,101015
806,101018
807,101021
808,101024
809,101027
810,101030
811,101033
812,101036
813,101039
814,101042
815,101045
816,101048
817,101051
818,101054
819,101057
820,101100
821,101103
822,101106
823,101109
824,101112
825,101115
826,101118
827,101121
828,101124
829,101127
830,101130
831,101133
832,101136
833,101139
834,101142
835,101145
836,101148
837,101151
838,101154
839,101157
840,101200
841,101203
842,101206
843,101209
844,101212
845,101215
846,101218
847,101221
848,101224
849,101227
850,101230
851,101233
852,101236
853,101239
854,101242
855,101245
856,101248
857,101251
858,101254
859,101257
860,101300
861,101303
862,101306
863,101309
864,101312
865,101315
866,101318
867,101321
868,101324
869,101327
870,101330
871,101333
872,101336
873,101339
874,101342
875,101345
876,101348
877,101351
878,101354
879,101357
880,101400
881,101403
882,101406
883,101409
884,101412
885,101415
886,101418
887,101421
888,101424
889,101427
890,101430
891,101433
892,101436
893,101439
894,101442
895,101445
896,101448
897,101451
898,101454
899,101457
900,101500
901,101503
902,101506
903,101509
904,101512
905,101515
906,101518
907,101521
908,101524
909,101527
910,101530
911,101533
912,101536
913,101539
914,101542
915,101545
916,101548
917,101551
918,101554
919,101557
920,101600
921,101603
922,101606
923,101609
924,101612
925,101615
926,101618
927,101621
928,101624
929,101627
930,101630
931,101633
932,101636
933,101639
934,101642
935,101645
936,101648
937,101651
938,101654
939,101657
940,101700
941,101703
942,101706
943,101709
944,101712
945,101715
946,101718
947,101721
948,101724
949,101727
950,101730
951,101733
952,101736
953,101739
954,101742
955,101745
956,101748
957,101751
958,101754
959,101757
960,101800
961,101803
962,101806
963,101809
964,101812
965,101815
966,101818
967,101821
968,101824
969,101827
970,101830
971,101833
972,101836
973,101839
974,101842
975,101845
976,101848
977,101851
978,101854
979,101857
980,101900
981,101903
982,101906
983,101909
984,101912
985,101915
986,101918
987,101921
988,101924
989,101927
990,101930
991,101933
992,101936
993,101939
994,101942
995,101945
996,101948
997,101951
998,101954
999,101957
1000,102000
1001,102003
1002,102006
1003,102009
1004,102012
1005,102015
1006,102018
1007,102021
1008,102024
1009,102027
1010,102030
1011,102033
1012,102036
1013,102039
1014,102042
1015,102045
1016,102048
1017,102051
1018,102054
1019,102057
1020,102100
1021,102103
1022,102106
1023,102109
1024,102112
1025,102115
1026,102118
1027,102121
1028,102124
1029,102127
1030,102130
1031,102133
1032,102136
1033,102139
1034,102142
1035,102145
1036,102148
1037,102151
1038,102154
1039,102157
1040,102200
1041,102203
1042,102206
1043,102209
1044,102212
1045,102215
1046,102218
1047,102221
1048,102224
1049,102227
1050,102230
1051,102233
1052,102236
1053,102239
1054,102242
1055,102245
1056,102248
1057,102251
1058,102254
1059,102257
1060,102300
1061,102303
1062,102306
1063,102309
1064,102312
1065,102315
1066,102318
1067,102321
1068,102324
1069,102327
1070,102330
1071,102333
1072,102336
1073,102339
1074,102342
1075,102345
1076,102348
1077,102351
1078,102354
1079,102357
1080,102400
1081,102403
1082,102406
1083,102409
1084,102412
1085,102415
1086,102418
1087,102421
1088,102424
1089,102427
1090,102430
1091,102433
1092,102436
1093,102439
1094,102442
1095,102445
1096,102448
1097,102451
1098,102454
1099,102457
1100,102500
1101,102503
1102,102506
1103,102509
1104,102512
1105,102515
1106,102518
1107,102521
1108,102524
1109,102527
1110,102530
1111,102533
1112,102536
1113,102539
1114,102542
1115,102545
1116,102548
1117,102551
1118,102554
1119,102557
1120,102600
1121,102603
1122,102606
1123,102609
1124,102612
1125,102615
1126,102618
1127,102621
1128,102624
1129,102627
1130,102630
1131,102633
1132,102636
1133,102639
1134,102642
1135,102645
1136,102648
1137,102651
1138,102654
1139,102657
1140,102700
1141,102703
1142,102706
1143,102709
1144,102712
1145,102715
1146,102718
1147,102721
1148,102724
1149,102727
1150,102730
1151,102733
1152,102736
1153,102739
1154,102742
1155,102745
1156,102748
1157,102751
1158,102754
1159,102757
1160,102800
1161,102803
1162,102806
1163,102809
1164,102812
1165,102815
1166,102818
1167,102821
1168,102824
1169,102827
1170,102830
1171,102833
1172,102836
1173,102839
1174,102842
1175,102845
1176,102848
1177,102851
1178,102854
1179,102857
1180,102900
1181,102903
1182,102906
1183,102909
1184,102912
1185,102915
1186,102918
1187,102921
1188,102924
1189,102927
1190,102930
1191,102933
1192,102936
1193,102939
1194,102942
1195,102945
1196,102948
1197,102951
1198,102954
1199,102957
1200,103000
1201,103003
1202,103006
1203,103009
1204,103012
1205,103015
1206,103018
1207,103021
1208,103024
1209,103027
1210,103030
1211,103033
1212,103036
1213,103039
1214,103042
1215,103045
1216,103048
1217,103051
1218,103054
1219,103057
1220,103100
1221,103103
1222,103106
1223,103109
1224,103112
1225,103115
1226,103118
1227,103121
1228,103124
1229,103127
1230,103130
1231,103133
1232,103136
1233,103139
1234,103142
1235,103145
1236,103148
1237,103151
1238,103154
1239,103157
1240,103200
1241,103203
1242,103206
1243,103209
1244,103212
1245,103215
1246,103218
1247,103221
1248,103224
1249,103227
1250,103230
1251,103233
1252,103236
1253,103239
1254,103242
1255,103245
1256,103248
1257,103251
1258,103254
1259,103257
1260,103300
1261,103303
1262,103306
1263,103309
1264,103312
1265,103315
1266,103318
1267,103321
1268,103324
1269,103327
1270,103330
1271,103333
1272,103336
1273,103339
1274,103342
1275,103345
1276,103348
1277,103351
1278,103354
1279,103357
1280,103400
1281,103403
1282,103406
1283,103409
1284,103412
1285,103415
1286,103418
1287,103421
1288,103424
1289,103427
1290,103430
1291,103433
1292,103436
1293,103439
1294,103442
1295,103445
1296,103448
1297,103451
1298,103454
1299,103457
1300,103500
1301,103503
1302,103506
1303,103509
1304,103512
1305,103515
1306,103518
1307,103521
1308,103524
1309,103527
1310,103530
1311,103533
1312,103536
1313,103539
1314,103542
1315,103545
1316,103548
1317,103551
1318,103554
1319,103557
1320,103600
1321,103603
1322,103606
1323,103609
1324,103612
1325,103615
1326,103618
1327,103621
1328,103624
1329,103627
1330,103630
1331,103633
1332,103636
1333,103639
1334,103642
1335,103645
1336,103648
1337,103651
1338,103654
1339,103657
1340,103700
1341,103703
1342,103706
1343,103709
1344,103712
1345,103715
1346,103718
1347,103721
1348,103724
1349,103727
1350,103730
1351,103733
1352,103736
1353,103739
1354,103742
1355,103745
1356,103748
1357,103751
1358,103754
1359,103757
1360,103800
1361,103803
1362,103806
1363,103809
1364,103812
1365,103815
1366,103818
1367,103821
1368,103824
1369,103827
1370,103830
1371,103833
1372,103836
1373,103839
1374,103842
1375,103845
1376,103848
1377,103851
1378,103854
1379,103857
1380,103900
1381,103903
1382,103906
1383,103909
1384,103912
1385,103915
1386,103918
1387,103921
1388,103924
1389,103927
1390,103930
1391,103933
1392,103936
1393,103939
1394,103942
1395,103945
1396,103948
1397,103951
1398,103954
1399,103957
1400,104000
1401,104003
1402,104006
1403,104009
1404,104012
1405,104015
1406,104018
1407,104021
1408,104024
1409,104027
1410,104030
1411,104033
1412,104036
1413,104039
1414,104042
1415,104045
1416,104048
1417,104051
1418,104054
1419,104057
1420,104100
1421,104103
1422,104106
1423,104109
1424,104112
1425,104115
1426,104118
1427,104121
1428,104124
1429,104127
1430,104130
1431,104133
1432,104136
1433,104139
1434,104142
1435,104145
1436,104148
1437,104151
1438,104154
1439,104157
1440,104200
1441,104203
1442,104206
1443,104209
1444,104212
1445,104215
1446,104218
1447,104221
1448,104224
1449,104227
1450,104230
1451,104233
1452,104236
1453,104239
1454,104242
1455,104245
1456,104248
1457,104251
1458,104254
1459,104257
1460,104300
1461,104303
1462,104306
1463,104309
1464,104312
1465,104315
1466,104318
1467,104321
1468,104324
1469,104327
1470,104330
1471,104333
1472,104336
1473,104339
1474,104342
1475,104345
1476,104348
1477,104351
1478,104354
1479,104357
1480,104400
1481,104403
1482,104406
1483,104409
1484,104412
1485,104415
1486,104418
1487,104421
1488,104424
1489,104427
1490,104430
1491,104433
1492,104436
1493,104439
1494,104442
1495,104445
1496,104448
1497,104451
1498,104454
1499,104457
1500,104500
1501,104503
1502,104506
1503,104509
1504,104512
1505,104515
1506,104518
1507,104521
1508,104524
1509,104527
1510,104530
1511,104533
1512,104536
1513,104539
1514,104542
1515,104545
1516,104548
1517,104551
1518,104554
1519,104557
1520,104600
1521,104603
1522,104606
1523,104609
1524,104612
1525,104615
1526,104618
1527,104621
1528,104624
1529,104627
1530,104630
1531,104633
1532,104636
1533,104639
1534,104642
1535,104645
1536,104648
1537,104651
1538,104654
1539,104657
1540,104700
1541,104703
1542,104706
1543,104709
1544,104712
1545,104715
1546,104718
1547,104721
1548,104724
1549,104727
1550,104730
1551,104733
1552,104736
1553,104739
1554,104742
1555,104745
1556,104748
1557,104751
1558,104754
1559,104757
1560,104800
1561,104803
1562,104806
1563,104809
1564,104812
1565,104815
1566,104818
1567,104821
1568,104824
1569,104827
1570,104830
1571,104833
1572,104836
1573,104839
1574,104842
1575,104845
1576,104848
1577,104851
1578,104854
1579,104857
1580,104900
1581,104903
1582,104906
1583,104909
1584,104912
1585,104915
1586,104918
1587,104921
1588,104924
1589,104927
1590,104930
1591,104933
1592,104936
1593,104939
1594,104942
1595,104945
1596,104948
1597,104951
1598,104954
1599,104957
1600,105000
1601,105003
1602,105006
1603,105009
1604,105012
1605,105015
1606,105018
1607,105021
1608,105024
1609,105027
1610,105030
1611,105033
1612,105036
1613,105039
1614,105042
1615,105045
1616,105048
1617,105051
1618,105054
1619,105057
1620,105100
1621,105103
1622,105106
1623,105109
1624,105112
1625,105115
1626,105118
1627,105121
1628,105124
1629,105127
1630,105130
1631,105133
1632,105136
1633,105139
1634,105142
1635,105145
1636,105148
1637,105151
1638,105154
1639,105157
1640,105200
1641,105203
1642,105206
1643,105209
1644,105212
1645,105215
1646,105218
1647,105221
1648,105224
1649,105227
1650,105230
1651,105233
1652,105236
1653,105239
1654,105242
1655,105245
1656,105248
1657,105251
1658,105254
1659,105257
1660,105300
1661,105303
1662,105306
1663,105309
1664,105312
1665,105315
1666,105318
1667,105321
1668,105324
1669,105327
1670,105330
1671,105333
1672,105336
1673,105339
1674,105342
1675,105345
1676,105348
1677,105351
1678,105354
1679,105357
1680,105400
1681,105403
1682,105406
1683,105409
1684,105412
1685,105415
1686,105418
1687,105421
1688,105424
1689,105427
1690,105430
1691,105433
1692,105436
1693,105439
1694,105442
1695,105445
1696,105448
1697,105451
1698,105454
1699,105457
1700,105500
1701,105503
1702,105506
1703,105509
1704,105512
1705,105515
1706,105518
1707,105521
1708,105524
1709,105527
1710,105530
1711,105533
1712,105536
1713,105539
1714,105542
1715,105545
1716,105548
1717,105551
1718,105554
1719,105557
1720,105600
1721,105603
1722,105606
1723,105609
1724,105612
1725,105615
1726,105618
1727,105621
1728,105624
1729,105627
1730,105630
1731,105633
1732,105636
1733,105639
1734,105642
1735,105645
1736,105648
1737,105651
1738,105654
1739,105657
1740,105700
1741,105703
1742,105706
1743,105709
1744,105712
1745,105715
1746,105718
1747,105721
1748,105724
1749,105727
1750,105730
1751,105733
1752,105736
1753,105739
1754,105742
1755,105745
1756,105748
1757,105751
1758,105754
1759,105757
1760,105800
1761,105803
1762,105806
1763,105809
1764,105812
1765,105815
1766,105818
1767,105821
1768,105824
1769,105827
1770,105830
1771,105833
1772,105836
1773,105839
1774,105842
1775,105845
1776,105848
1777,105851
1778,105854
1779,105857
1780,105900
1781,105903
1782,105906
1783,105909
1784,105912
1785,105915
1786,105918
1787,105921
1788,105924
1789,105927
1790,105930
1791,105933
1792,105936
1793,105939
1794,105942
1795,105945
1796,105948
1797,105951
1798,105954
1799,105957
1800,110000
1801,110003
1802,110006
1803,110009
1804,110012
1805,110015
1806,110018
1807,110021
1808,110024
1809,110027
1810,110030
1811,110033
1812,110036
1813,110039
1814,110042
1815,110045
1816,110048
1817,110051
1818,110054
1819,110057
1820,110100
1821,110103
1822,110106
1823,110109
1824,110112
1825,110115
1826,110118
1827,110121
1828,110124
1829,110127
1830,110130
1831,110133
1832,110136
1833,110139
1834,110142
1835,110145
1836,110148
1837,110151
1838,110154
1839,110157
1840,110200
1841,110203
1842,110206
1843,110209
1844,110212
1845,110215
1846,110218
1847,110221
1848,110224
1849,110227
1850,110230
1851,110233
1852,110236
1853,110239
1854,110242
1855,110245
1856,110248
1857,110251
1858,110254
1859,110257
1860,110300
1861,110303
1862,110306
1863,110309
1864,110312
1865,110315
1866,110318
1867,110321
1868,110324
1869,110327
1870,110330
1871,110333
1872,110336
1873,110339
1874,110342
1875,110345
1876,110348
1877,110351
1878,110354
1879,110357
1880,110400
1881,110403
1882,110406
1883,110409
1884,110412
1885,110415
1886,110418
1887,110421
1888,110424
1889,110427
1890,110430
1891,110433
1892,110436
1893,110439
1894,110442
1895,110445
1896,110448
1897,110451
1898,110454
1899,110457
1900,110500
1901,110503
1902,110506
1903,110509
1904,110512
1905,110515
1906,110518
1907,110521
1908,110524
1909,110527
1910,110530
1911,110533
1912,110536
1913,110539
1914,110542
1915,110545
1916,110548
1917,110551
1918,110554
1919,110557
1920,110600
1921,110603
1922,110606
1923,110609
1924,110612
1925,110615
1926,110618
1927,110621
1928,110624
1929,110627
1930,110630
1931,110633
1932,110636
1933,110639
1934,110642
1935,110645
1936,110648
1937,110651
1938,110654
1939,110657
1940,110700
1941,110703
1942,110706
1943,110709
1944,110712
1945,110715
1946,110718
1947,110721
1948,110724
1949,110727
1950,110730
1951,110733
1952,110736
1953,110739
1954,110742
1955,110745
1956,110748
1957,110751
1958,110754
1959,110757
1960,110800
1961,110803
1962,110806
1963,110809
1964,110812
1965,110815
1966,110818
1967,110821
1968,110824
1969,110827
1970,110830
1971,110833
1972,110836
1973,110839
1974,110842
1975,110845
1976,110848
1977,110851
1978,110854
1979,110857
1980,110900
1981,110903
1982,110906
1983,110909
1984,110912
1985,110915
1986,110918
1987,110921
1988,110924
1989,110927
1990,110930
1991,110933
1992,110936
1993,110939
1994,110942
1995,110945
1996,110948
1997,110951
1998,110954
1999,110957
2000,111000
2001,111003
2002,111006
2003,111009
2004,111012
2005,111015
2006,111018
2007,111021
2008,111024
2009,111027
2010,111030
2011,111033
2012,111036
2013,111039
2014,111042
2015,111045
2016,111048
2017,111051
2018,111054
2019,111057
2020,111100
2021,111103
2022,111106
2023,111109
2024,111112
2025,111115
2026,111118
2027,111121
2028,111124
2029,111127
2030,111130
2031,111133
2032,111136
2033,111139
2034,111142
2035,111145
2036,111148
2037,111151
2038,111154
2039,111157
2040,111200
2041,111203
2042,111206
2043,111209
2044,111212
2045,111215
2046,111218
2047,111221
2048,111224
2049,111227
2050,111230
2051,111233
2052,111236
2053,111239
2054,111242
2055,111245
2056,111248
2057,111251
2058,111254
2059,111257
2060,111300
2061,111303
2062,111306
2063,111309
2064,111312
2065,111315
2066,111318
2067,111321
2068,111324
2069,111327
2070,111330
2071,111333
2072,111336
2073,111339
2074,111342
2075,111345
2076,111348
2077,111351
2078,111354
2079,111357
2080,111400
2081,111403
2082,111406
2083,111409
2084,111412
2085,111415
2086,111418
2087,111421
2088,111424
2089,111427
2090,111430
2091,111433
2092,111436
2093,111439
2094,111442
2095,111445
2096,111448
2097,111451
2098,111454
2099,111457
2100,111500
2101,111503
2102,111506
2103,111509
2104,111512
2105,111515
2106,111518
2107,111521
2108,111524
2109,111527
2110,111530
2111,111533
2112,111536
2113,111539
2114,111542
2115,111545
2116,111548
2117,111551
2118,111554
2119,111557
2120,111600
2121,111603
2122,111606
2123,111609
2124,111612
2125,111615
2126,111618
2127,111621
2128,111624
2129,111627
2130,111630
2131,111633
2132,111636
2133,111639
2134,111642
2135,111645
2136,111648
2137,111651
2138,111654
2139,111657
2140,111700
2141,111703
2142,111706
2143,111709
2144,111712
2145,111715
2146,111718
2147,111721
2148,111724
2149,111727
2150,111730
2151,111733
2152,111736
2153,111739
2154,111742
2155,111745
2156,111748
2157,111751
2158,111754
2159,111757
2160,111800
2161,111803
2162,111806
2163,111809
2164,111812
2165,111815
2166,111818
2167,111821
2168,111824
2169,111827
2170,111830
2171,111833
2172,111836
2173,111839
2174,111842
2175,111845
2176,111848
2177,111851
2178,111854
2179,111857
2180,111900
2181,111903
2182,111906
2183,111909
2184,111912
2185,111915
2186,111918
2187,111921
2188,111924
2189,111927
2190,111930
2191,111933
2192,111936
2193,111939
2194,111942
2195,111945
2196,111948
2197,111951
2198,111954
2199,111957
2200,112000
2201,112003
2202,112006
2203,112009
2204,112012
2205,112015
2206,112018
2207,112021
2208,112024
2209,112027
2210,112030
2211,112033
2212,112036
2213,112039
2214,112042
2215,112045
2216,112048
2217,112051
2218,112054
2219,112057
2220,112100
2221,112103
2222,112106
2223,112109
2224,112112
2225,112115
2226,112118
2227,112121
2228,112124
2229,112127
2230,112130
2231,112133
2232,112136
2233,112139
2234,112142
2235,112145
2236,112148
2237,112151
2238,112154
2239,112157
2240,112200
2241,112203
2242,112206
2243,112209
2244,112212
2245,112215
2246,112218
2247,112221
2248,112224
2249,112227
2250,112230
2251,112233
2252,112236
2253,112239
2254,112242
2255,112245
2256,112248
2257,112251
2258,112254
2259,112257
2260,112300
2261,112303
2262,112306
2263,112309
2264,112312
2265,112315
2266,112318
2267,112321
2268,112324
2269,112327
2270,112330
2271,112333
2272,112336
2273,112339
2274,112342
2275,112345
2276,112348
2277,112351
2278,112354
2279,112357
2280,112400
2281,112403
2282,112406
2283,112409
2284,112412
2285,112415
2286,112418
2287,112421
2288,112424
2289,112427
2290,112430
2291,112433
2292,112436
2293,112439
2294,112442
2295,112445
2296,112448
2297,112451
2298,112454
2299,112457
2300,112500
2301,112503
2302,112506
2303,112509
2304,112512
2305,112515
2306,112518
2307,112521
2308,112524
2309,112527
2310,112530
2311,112533
2312,112536
2313,112539
2314,112542
2315,112545
2316,112548
2317,112551
2318,112554
2319,112557
2320,112600
2321,112603
2322,112606
2323,112609
2324,112612
2325,112615
2326,112618
2327,112621
2328,112624
2329,112627
2330,112630
2331,112633
2332,112636
2333,112639
2334,112642
2335,112645
2336,112648
2337,112651
2338,112654
2339,112657
2340,112700
2341,112703
2342,112706
2343,112709
2344,112712
2345,112715
2346,112718
2347,112721
2348,112724
2349,112727
2350,112730
2351,112733
2352,112736
2353,112739
2354,112742
2355,112745
2356,112748
2357,112751
2358,112754
2359,112757
2360,112800
2361,112803
2362,112806
2363,112809
2364,112812
2365,112815
2366,112818
2367,112821
2368,112824
2369,112827
2370,112830
2371,112833
2372,112836
2373,112839
2374,112842
2375,112845
2376,112848
2377,112851
2378,112854
2379,112857
2380,112900
2381,112903
2382,112906
2383,112909
2384,112912
2385,112915
2386,112918
2387,112921
2388,112924
2389,112927
2390,112930
2391,112933
2392,112936
2393,112939
2394,112942
2395,112945
2396,112948
2397,112951
2398,112954
2399,112957
2400,113000
2401,130000
2402,130003
2403,130006
2404,130009
2405,130012
2406,130015
2407,130018
2408,130021
2409,130024
2410,130027
2411,130030
2412,130033
2413,130036
2414,130039
2415,130042
2416,130045
2417,130048
2418,130051
2419,130054
2420,130057
2421,130100
2422,130103
2423,130106
2424,130109
2425,130112
2426,130115
2427,130118
2428,130121
2429,130124
2430,130127
2431,130130
2432,130133
2433,130136
2434,130139
2435,130142
2436,130145
2437,130148
2438,130151
2439,130154
2440,130157
2441,130200
2442,130203
2443,130206
2444,130209
2445,130212
2446,130215
2447,130218
2448,130221
2449,130224
2450,130227
2451,130230
2452,130233
2453,130236
2454,130239
2455,130242
2456,130245
2457,130248
2458,130251
2459,130254
2460,130257
2461,130300
2462,130303
2463,130306
2464,130309
2465,130312
2466,130315
2467,130318
2468,130321
2469,130324
2470,130327
2471,130330
2472,130333
2473,130336
2474,130339
2475,130342
2476,130345
2477,130348
2478,130351
2479,130354
2480,130357
2481,130400
2482,130403
2483,130406
2484,130409
2485,130412
2486,130415
2487,130418
2488,130421
2489,130424
2490,130427
2491,130430
2492,130433
2493,130436
2494,130439
2495,130442
2496,130445
2497,130448
2498,130451
2499,130454
2500,130457
2501,130500
2502,130503
2503,130506
2504,130509
2505,130512
2506,130515
2507,130518
2508,130521
2509,130524
2510,130527
2511,130530
2512,130533
2513,130536
2514,130539
2515,130542
2516,130545
2517,130548
2518,130551
2519,130554
2520,130557
2521,130600
2522,130603
2523,130606
2524,130609
2525,130612
2526,130615
2527,130618
2528,130621
2529,130624
2530,130627
2531,130630
2532,130633
2533,130636
2534,130639
2535,130642
2536,130645
2537,130648
2538,130651
2539,130654
2540,130657
2541,130700
2542,130703
2543,130706
2544,130709
2545,130712
2546,130715
2547,130718
2548,130721
2549,130724
2550,130727
2551,130730
2552,130733
2553,130736
2554,130739
2555,130742
2556,130745
2557,130748
2558,130751
2559,130754
2560,130757
2561,130800
2562,130803
2563,130806
2564,130809
2565,130812
2566,130815
2567,130818
2568,130821
2569,130824
2570,130827
2571,130830
2572,130833
2573,130836
2574,130839
2575,130842
2576,130845
2577,130848
2578,130851
2579,130854
2580,130857
2581,130900
2582,130903
2583,130906
2584,130909
2585,130912
2586,130915
2587,130918
2588,130921
2589,130924
2590,130927
2591,130930
2592,130933
2593,130936
2594,130939
2595,130942
2596,130945
2597,130948
2598,130951
2599,130954
2600,130957
2601,131000
2602,131003
2603,131006
2604,131009
2605,131012
2606,131015
2607,131018
2608,131021
2609,131024
2610,131027
2611,131030
2612,131033
2613,131036
2614,131039
2615,131042
2616,131045
2617,131048
2618,131051
2619,131054
2620,131057
2621,131100
2622,131103
2623,131106
2624,131109
2625,131112
2626,131115
2627,131118
2628,131121
2629,131124
2630,131127
2631,131130
2632,131133
2633,131136
2634,131139
2635,131142
2636,131145
2637,131148
2638,131151
2639,131154
2640,131157
2641,131200
2642,131203
2643,131206
2644,131209
2645,131212
2646,131215
2647,131218
2648,131221
2649,131224
2650,131227
2651,131230
2652,131233
2653,131236
2654,131239
2655,131242
2656,131245
2657,131248
2658,131251
2659,131254
2660,131257
2661,131300
2662,131303
2663,131306
2664,131309
2665,131312
2666,131315
2667,131318
2668,131321
2669,131324
2670,131327
2671,131330
2672,131333
2673,131336
2674,131339
2675,131342
2676,131345
2677,131348
2678,131351
2679,131354
2680,131357
2681,131400
2682,131403
2683,131406
2684,131409
2685,131412
2686,131415
2687,131418
2688,131421
2689,131424
2690,131427
2691,131430
2692,131433
2693,131436
2694,131439
2695,131442
2696,131445
2697,131448
2698,131451
2699,131454
2700,131457
2701,131500
2702,131503
2703,131506
2704,131509
2705,131512
2706,131515
2707,131518
2708,131521
2709,131524
2710,131527
2711,131530
2712,131533
2713,131536
2714,131539
2715,131542
2716,131545
2717,131548
2718,131551
2719,131554
2720,131557
2721,131600
2722,131603
2723,131606
2724,131609
2725,131612
2726,131615
2727,131618
2728,131621
2729,131624
2730,131627
2731,131630
2732,131633
2733,131636
2734,131639
2735,131642
2736,131645
2737,131648
2738,131651
2739,131654
2740,131657
2741,131700
2742,131703
2743,131706
2744,131709
2745,131712
2746,131715
2747,131718
2748,131721
2749,131724
2750,131727
2751,131730
2752,131733
2753,131736
2754,131739
2755,131742
2756,131745
2757,131748
2758,131751
2759,131754
2760,131757
2761,131800
2762,131803
2763,131806
2764,131809
2765,131812
2766,131815
2767,131818
2768,131821
2769,131824
2770,131827
2771,131830
2772,131833
2773,131836
2774,131839
2775,131842
2776,131845
2777,131848
2778,131851
2779,131854
2780,131857
2781,131900
2782,131903
2783,131906
2784,131909
2785,131912
2786,131915
2787,131918
2788,131921
2789,131924
2790,131927
2791,131930
2792,131933
2793,131936
2794,131939
2795,131942
2796,131945
2797,131948
2798,131951
2799,131954
2800,131957
2801,132000
2802,132003
2803,132006
2804,132009
2805,132012
2806,132015
2807,132018
2808,132021
2809,132024
2810,132027
2811,132030
2812,132033
2813,132036
2814,132039
2815,132042
2816,132045
2817,132048
2818,132051
2819,132054
2820,132057
2821,132100
2822,132103
2823,132106
2824,132109
2825,132112
2826,132115
2827,132118
2828,132121
2829,132124
2830,132127
2831,132130
2832,132133
2833,132136
2834,132139
2835,132142
2836,132145
2837,132148
2838,132151
2839,132154
2840,132157
2841,132200
2842,132203
2843,132206
2844,132209
2845,132212
2846,132215
2847,132218
2848,132221
2849,132224
2850,132227
2851,132230
2852,132233
2853,132236
2854,132239
2855,132242
2856,132245
2857,132248
2858,132251
2859,132254
2860,132257
2861,132300
2862,132303
2863,132306
2864,132309
2865,132312
2866,132315
2867,132318
2868,132321
2869,132324
2870,132327
2871,132330
2872,132333
2873,132336
2874,132339
2875,132342
2876,132345
2877,132348
2878,132351
2879,132354
2880,132357
2881,132400
2882,132403
2883,132406
2884,132409
2885,132412
2886,132415
2887,132418
2888,132421
2889,132424
2890,132427
2891,132430
2892,132433
2893,132436
2894,132439
2895,132442
2896,132445
2897,132448
2898,132451
2899,132454
2900,132457
2901,132500
2902,132503
2903,132506
2904,132509
2905,132512
2906,132515
2907,132518
2908,132521
2909,132524
2910,132527
2911,132530
2912,132533
2913,132536
2914,132539
2915,132542
2916,132545
2917,132548
2918,132551
2919,132554
2920,132557
2921,132600
2922,132603
2923,132606
2924,132609
2925,132612
2926,132615
2927,132618
2928,132621
2929,132624
2930,132627
2931,132630
2932,132633
2933,132636
2934,132639
2935,132642
2936,132645
2937,132648
2938,132651
2939,132654
2940,132657
2941,132700
2942,132703
2943,132706
2944,132709
2945,132712
2946,132715
2947,132718
2948,132721
2949,132724
2950,132727
2951,132730
2952,132733
2953,132736
2954,132739
2955,132742
2956,132745
2957,132748
2958,132751
2959,132754
2960,132757
2961,132800
2962,132803
2963,132806
2964,132809
2965,132812
2966,132815
2967,132818
2968,132821
2969,132824
2970,132827
2971,132830
2972,132833
2973,132836
2974,132839
2975,132842
2976,132845
2977,132848
2978,132851
2979,132854
2980,132857
2981,132900
2982,132903
2983,132906
2984,132909
2985,132912
2986,132915
2987,132918
2988,132921
2989,132924
2990,132927
2991,132930
2992,132933
2993,132936
2994,132939
2995,132942
2996,132945
2997,132948
2998,132951
2999,132954
3000,132957
3001,133000
3002,133003
3003,133006
3004,133009
3005,133012
3006,133015
3007,133018
3008,133021
3009,133024
3010,133027
3011,133030
3012,133033
3013,133036
3014,133039
3015,133042
3016,133045
3017,133048
3018,133051
3019,133054
3020,133057
3021,133100
3022,133103
3023,133106
3024,133109
3025,133112
3026,133115
3027,133118
3028,133121
3029,133124
3030,133127
3031,133130
3032,133133
3033,133136
3034,133139
3035,133142
3036,133145
3037,133148
3038,133151
3039,133154
3040,133157
3041,133200
3042,133203
3043,133206
3044,133209
3045,133212
3046,133215
3047,133218
3048,133221
3049,133224
3050,133227
3051,133230
3052,133233
3053,133236
3054,133239
3055,133242
3056,133245
3057,133248
3058,133251
3059,133254
3060,133257
3061,133300
3062,133303
3063,133306
3064,133309
3065,133312
3066,133315
3067,133318
3068,133321
3069,133324
3070,133327
3071,133330
3072,133333
3073,133336
3074,133339
3075,133342
3076,133345
3077,133348
3078,133351
3079,133354
3080,133357
3081,133400
3082,133403
3083,133406
3084,133409
3085,133412
3086,133415
3087,133418
3088,133421
3089,133424
3090,133427
3091,133430
3092,133433
3093,133436
3094,133439
3095,133442
3096,133445
3097,133448
3098,133451
3099,133454
3100,133457
3101,133500
3102,133503
3103,133506
3104,133509
3105,133512
3106,133515
3107,133518
3108,133521
3109,133524
3110,133527
3111,133530
3112,133533
3113,133536
3114,133539
3115,133542
3116,133545
3117,133548
3118,133551
3119,133554
3120,133557
3121,133600
3122,133603
3123,133606
3124,133609
3125,133612
3126,133615
3127,133618
3128,133621
3129,133624
3130,133627
3131,133630
3132,133633
3133,133636
3134,133639
3135,133642
3136,133645
3137,133648
3138,133651
3139,133654
3140,133657
3141,133700
3142,133703
3143,133706
3144,133709
3145,133712
3146,133715
3147,133718
3148,133721
3149,133724
3150,133727
3151,133730
3152,133733
3153,133736
3154,133739
3155,133742
3156,133745
3157,133748
3158,133751
3159,133754
3160,133757
3161,133800
3162,133803
3163,133806
3164,133809
3165,133812
3166,133815
3167,133818
3168,133821
3169,133824
3170,133827
3171,133830
3172,133833
3173,133836
3174,133839
3175,133842
3176,133845
3177,133848
3178,133851
3179,133854
3180,133857
3181,133900
3182,133903
3183,133906
3184,133909
3185,133912
3186,133915
3187,133918
3188,133921
3189,133924
3190,133927
3191,133930
3192,133933
3193,133936
3194,133939
3195,133942
3196,133945
3197,133948
3198,133951
3199,133954
3200,133957
3201,134000
3202,134003
3203,134006
3204,134009
3205,134012
3206,134015
3207,134018
3208,134021
3209,134024
3210,134027
3211,134030
3212,134033
3213,134036
3214,134039
3215,134042
3216,134045
3217,134048
3218,134051
3219,134054
3220,134057
3221,134100
3222,134103
3223,134106
3224,134109
3225,134112
3226,134115
3227,134118
3228,134121
3229,134124
3230,134127
3231,134130
3232,134133
3233,134136
3234,134139
3235,134142
3236,134145
3237,134148
3238,134151
3239,134154
3240,134157
3241,134200
3242,134203
3243,134206
3244,134209
3245,134212
3246,134215
3247,134218
3248,134221
3249,134224
3250,134227
3251,134230
3252,134233
3253,134236
3254,134239
3255,134242
3256,134245
3257,134248
3258,134251
3259,134254
3260,134257
3261,134300
3262,134303
3263,134306
3264,134309
3265,134312
3266,134315
3267,134318
3268,134321
3269,134324
3270,134327
3271,134330
3272,134333
3273,134336
3274,134339
3275,134342
3276,134345
3277,134348
3278,134351
3279,134354
3280,134357
3281,134400
3282,134403
3283,134406
3284,134409
3285,134412
3286,134415
3287,134418
3288,134421
3289,134424
3290,134427
3291,134430
3292,134433
3293,134436
3294,134439
3295,134442
3296,134445
3297,134448
3298,134451
3299,134454
3300,134457
3301,134500
3302,134503
3303,134506
3304,134509
3305,134512
3306,134515
3307,134518
3308,134521
3309,134524
3310,134527
3311,134530
3312,134533
3313,134536
3314,134539
3315,134542
3316,134545
3317,134548
3318,134551
3319,134554
3320,134557
3321,134600
3322,134603
3323,134606
3324,134609
3325,134612
3326,134615
3327,134618
3328,134621
3329,134624
3330,134627
3331,134630
3332,134633
3333,134636
3334,134639
3335,134642
3336,134645
3337,134648
3338,134651
3339,134654
3340,134657
3341,134700
3342,134703
3343,134706
3344,134709
3345,134712
3346,134715
3347,134718
3348,134721
3349,134724
3350,134727
3351,134730
3352,134733
3353,134736
3354,134739
3355,134742
3356,134745
3357,134748
3358,134751
3359,134754
3360,134757
3361,134800
3362,134803
3363,134806
3364,134809
3365,134812
3366,134815
3367,134818
3368,134821
3369,134824
3370,134827
3371,134830
3372,134833
3373,134836
3374,134839
3375,134842
3376,134845
3377,134848
3378,134851
3379,134854
3380,134857
3381,134900
3382,134903
3383,134906
3384,134909
3385,134912
3386,134915
3387,134918
3388,134921
3389,134924
3390,134927
3391,134930
3392,134933
3393,134936
3394,134939
3395,134942
3396,134945
3397,134948
3398,134951
3399,134954
3400,134957
3401,135000
3402,135003
3403,135006
3404,135009
3405,135012
3406,135015
3407,135018
3408,135021
3409,135024
3410,135027
3411,135030
3412,135033
3413,135036
3414,135039
3415,135042
3416,135045
3417,135048
3418,135051
3419,135054
3420,135057
3421,135100
3422,135103
3423,135106
3424,135109
3425,135112
3426,135115
3427,135118
3428,135121
3429,135124
3430,135127
3431,135130
3432,135133
3433,135136
3434,135139
3435,135142
3436,135145
3437,135148
3438,135151
3439,135154
3440,135157
3441,135200
3442,135203
3443,135206
3444,135209
3445,135212
3446,135215
3447,135218
3448,135221
3449,135224
3450,135227
3451,135230
3452,135233
3453,135236
3454,135239
3455,135242
3456,135245
3457,135248
3458,135251
3459,135254
3460,135257
3461,135300
3462,135303
3463,135306
3464,135309
3465,135312
3466,135315
3467,135318
3468,135321
3469,135324
3470,135327
3471,135330
3472,135333
3473,135336
3474,135339
3475,135342
3476,135345
3477,135348
3478,135351
3479,135354
3480,135357
3481,135400
3482,135403
3483,135406
3484,135409
3485,135412
3486,135415
3487,135418
3488,135421
3489,135424
3490,135427
3491,135430
3492,135433
3493,135436
3494,135439
3495,135442
3496,135445
3497,135448
3498,135451
3499,135454
3500,135457
3501,135500
3502,135503
3503,135506
3504,135509
3505,135512
3506,135515
3507,135518
3508,135521
3509,135524
3510,135527
3511,135530
3512,135533
3513,135536
3514,135539
3515,135542
3516,135545
3517,135548
3518,135551
3519,135554
3520,135557
3521,135600
3522,135603
3523,135606
3524,135609
3525,135612
3526,135615
3527,135618
3528,135621
3529,135624
3530,135627
3531,135630
3532,135633
3533,135636
3534,135639
3535,135642
3536,135645
3537,135648
3538,135651
3539,135654
3540,135657
3541,135700
3542,135703
3543,135706
3544,135709
3545,135712
3546,135715
3547,135718
3548,135721
3549,135724
3550,135727
3551,135730
3552,135733
3553,135736
3554,135739
3555,135742
3556,135745
3557,135748
3558,135751
3559,135754
3560,135757
3561,135800
3562,135803
3563,135806
3564,135809
3565,135812
3566,135815
3567,135818
3568,135821
3569,135824
3570,135827
3571,135830
3572,135833
3573,135836
3574,135839
3575,135842
3576,135845
3577,135848
3578,135851
3579,135854
3580,135857
3581,135900
3582,135903
3583,135906
3584,135909
3585,135912
3586,135915
3587,135918
3588,135921
3589,135924
3590,135927
3591,135930
3592,135933
3593,135936
3594,135939
3595,135942
3596,135945
3597,135948
3598,135951
3599,135954
3600,135957
3601,140000
3602,140003
3603,140006
3604,140009
3605,140012
3606,140015
3607,140018
3608,140021
3609,140024
3610,140027
3611,140030
3612,140033
3613,140036
3614,140039
3615,140042
3616,140045
3617,140048
3618,140051
3619,140054
3620,140057
3621,140100
3622,140103
3623,140106
3624,140109
3625,140112
3626,140115
3627,140118
3628,140121
3629,140124
3630,140127
3631,140130
3632,140133
3633,140136
3634,140139
3635,140142
3636,140145
3637,140148
3638,140151
3639,140154
3640,140157
3641,140200
3642,140203
3643,140206
3644,140209
3645,140212
3646,140215
3647,140218
3648,140221
3649,140224
3650,140227
3651,140230
3652,140233
3653,140236
3654,140239
3655,140242
3656,140245
3657,140248
3658,140251
3659,140254
3660,140257
3661,140300
3662,140303
3663,140306
3664,140309
3665,140312
3666,140315
3667,140318
3668,140321
3669,140324
3670,140327
3671,140330
3672,140333
3673,140336
3674,140339
3675,140342
3676,140345
3677,140348
3678,140351
3679,140354
3680,140357
3681,140400
3682,140403
3683,140406
3684,140409
3685,140412
3686,140415
3687,140418
3688,140421
3689,140424
3690,140427
3691,140430
3692,140433
3693,140436
3694,140439
3695,140442
3696,140445
3697,140448
3698,140451
3699,140454
3700,140457
3701,140500
3702,140503
3703,140506
3704,140509
3705,140512
3706,140515
3707,140518
3708,140521
3709,140524
3710,140527
3711,140530
3712,140533
3713,140536
3714,140539
3715,140542
3716,140545
3717,140548
3718,140551
3719,140554
3720,140557
3721,140600
3722,140603
3723,140606
3724,140609
3725,140612
3726,140615
3727,140618
3728,140621
3729,140624
3730,140627
3731,140630
3732,140633
3733,140636
3734,140639
3735,140642
3736,140645
3737,140648
3738,140651
3739,140654
3740,140657
3741,140700
3742,140703
3743,140706
3744,140709
3745,140712
3746,140715
3747,140718
3748,140721
3749,140724
3750,140727
3751,140730
3752,140733
3753,140736
3754,140739
3755,140742
3756,140745
3757,140748
3758,140751
3759,140754
3760,140757
3761,140800
3762,140803
3763,140806
3764,140809
3765,140812
3766,140815
3767,140818
3768,140821
3769,140824
3770,140827
3771,140830
3772,140833
3773,140836
3774,140839
3775,140842
3776,140845
3777,140848
3778,140851
3779,140854
3780,140857
3781,140900
3782,140903
3783,140906
3784,140909
3785,140912
3786,140915
3787,140918
3788,140921
3789,140924
3790,140927
3791,140930
3792,140933
3793,140936
3794,140939
3795,140942
3796,140945
3797,140948
3798,140951
3799,140954
3800,140957
3801,141000
3802,141003
3803,141006
3804,141009
3805,141012
3806,141015
3807,141018
3808,141021
3809,141024
3810,141027
3811,141030
3812,141033
3813,141036
3814,141039
3815,141042
3816,141045
3817,141048
3818,141051
3819,141054
3820,141057
3821,141100
3822,141103
3823,141106
3824,141109
3825,141112
3826,141115
3827,141118
3828,141121
3829,141124
3830,141127
3831,141130
3832,141133
3833,141136
3834,141139
3835,141142
3836,141145
3837,141148
3838,141151
3839,141154
3840,141157
3841,141200
3842,141203
3843,141206
3844,141209
3845,141212
3846,141215
3847,141218
3848,141221
3849,141224
3850,141227
3851,141230
3852,141233
3853,141236
3854,141239
3855,141242
3856,141245
3857,141248
3858,141251
3859,141254
3860,141257
3861,141300
3862,141303
3863,141306
3864,141309
3865,141312
3866,141315
3867,141318
3868,141321
3869,141324
3870,141327
3871,141330
3872,141333
3873,141336
3874,141339
3875,141342
3876,141345
3877,141348
3878,141351
3879,141354
3880,141357
3881,141400
3882,141403
3883,141406
3884,141409
3885,141412
3886,141415
3887,141418
3888,141421
3889,141424
3890,141427
3891,141430
3892,141433
3893,141436
3894,141439
3895,141442
3896,141445
3897,141448
3898,141451
3899,141454
3900,141457
3901,141500
3902,141503
3903,141506
3904,141509
3905,141512
3906,141515
3907,141518
3908,141521
3909,141524
3910,141527
3911,141530
3912,141533
3913,141536
3914,141539
3915,141542
3916,141545
3917,141548
3918,141551
3919,141554
3920,141557
3921,141600
3922,141603
3923,141606
3924,141609
3925,141612
3926,141615
3927,141618
3928,141621
3929,141624
3930,141627
3931,141630
3932,141633
3933,141636
3934,141639
3935,141642
3936,141645
3937,141648
3938,141651
3939,141654
3940,141657
3941,141700
3942,141703
3943,141706
3944,141709
3945,141712
3946,141715
3947,141718
3948,141721
3949,141724
3950,141727
3951,141730
3952,141733
3953,141736
3954,141739
3955,141742
3956,141745
3957,141748
3958,141751
3959,141754
3960,141757
3961,141800
3962,141803
3963,141806
3964,141809
3965,141812
3966,141815
3967,141818
3968,141821
3969,141824
3970,141827
3971,141830
3972,141833
3973,141836
3974,141839
3975,141842
3976,141845
3977,141848
3978,141851
3979,141854
3980,141857
3981,141900
3982,141903
3983,141906
3984,141909
3985,141912
3986,141915
3987,141918
3988,141921
3989,141924
3990,141927
3991,141930
3992,141933
3993,141936
3994,141939
3995,141942
3996,141945
3997,141948
3998,141951
3999,141954
4000,141957
4001,142000
4002,142003
4003,142006
4004,142009
4005,142012
4006,142015
4007,142018
4008,142021
4009,142024
4010,142027
4011,142030
4012,142033
4013,142036
4014,142039
4015,142042
4016,142045
4017,142048
4018,142051
4019,142054
4020,142057
4021,142100
4022,142103
4023,142106
4024,142109
4025,142112
4026,142115
4027,142118
4028,142121
4029,142124
4030,142127
4031,142130
4032,142133
4033,142136
4034,142139
4035,142142
4036,142145
4037,142148
4038,142151
4039,142154
4040,142157
4041,142200
4042,142203
4043,142206
4044,142209
4045,142212
4046,142215
4047,142218
4048,142221
4049,142224
4050,142227
4051,142230
4052,142233
4053,142236
4054,142239
4055,142242
4056,142245
4057,142248
4058,142251
4059,142254
4060,142257
4061,142300
4062,142303
4063,142306
4064,142309
4065,142312
4066,142315
4067,142318
4068,142321
4069,142324
4070,142327
4071,142330
4072,142333
4073,142336
4074,142339
4075,142342
4076,142345
4077,142348
4078,142351
4079,142354
4080,142357
4081,142400
4082,142403
4083,142406
4084,142409
4085,142412
4086,142415
4087,142418
4088,142421
4089,142424
4090,142427
4091,142430
4092,142433
4093,142436
4094,142439
4095,142442
4096,142445
4097,142448
4098,142451
4099,142454
4100,142457
4101,142500
4102,142503
4103,142506
4104,142509
4105,142512
4106,142515
4107,142518
4108,142521
4109,142524
4110,142527
4111,142530
4112,142533
4113,142536
4114,142539
4115,142542
4116,142545
4117,142548
4118,142551
4119,142554
4120,142557
4121,142600
4122,142603
4123,142606
4124,142609
4125,142612
4126,142615
4127,142618
4128,142621
4129,142624
4130,142627
4131,142630
4132,142633
4133,142636
4134,142639
4135,142642
4136,142645
4137,142648
4138,142651
4139,142654
4140,142657
4141,142700
4142,142703
4143,142706
4144,142709
4145,142712
4146,142715
4147,142718
4148,142721
4149,142724
4150,142727
4151,142730
4152,142733
4153,142736
4154,142739
4155,142742
4156,142745
4157,142748
4158,142751
4159,142754
4160,142757
4161,142800
4162,142803
4163,142806
4164,142809
4165,142812
4166,142815
4167,142818
4168,142821
4169,142824
4170,142827
4171,142830
4172,142833
4173,142836
4174,142839
4175,142842
4176,142845
4177,142848
4178,142851
4179,142854
4180,142857
4181,142900
4182,142903
4183,142906
4184,142909
4185,142912
4186,142915
4187,142918
4188,142921
4189,142924
4190,142927
4191,142930
4192,142933
4193,142936
4194,142939
4195,142942
4196,142945
4197,142948
4198,142951
4199,142954
4200,142957
4201,143000
4202,143003
4203,143006
4204,143009
4205,143012
4206,143015
4207,143018
4208,143021
4209,143024
4210,143027
4211,143030
4212,143033
4213,143036
4214,143039
4215,143042
4216,143045
4217,143048
4218,143051
4219,143054
4220,143057
4221,143100
4222,143103
4223,143106
4224,143109
4225,143112
4226,143115
4227,143118
4228,143121
4229,143124
4230,143127
4231,143130
4232,143133
4233,143136
4234,143139
4235,143142
4236,143145
4237,143148
4238,143151
4239,143154
4240,143157
4241,143200
4242,143203
4243,143206
4244,143209
4245,143212
4246,143215
4247,143218
4248,143221
4249,143224
4250,143227
4251,143230
4252,143233
4253,143236
4254,143239
4255,143242
4256,143245
4257,143248
4258,143251
4259,143254
4260,143257
4261,143300
4262,143303
4263,143306
4264,143309
4265,143312
4266,143315
4267,143318
4268,143321
4269,143324
4270,143327
4271,143330
4272,143333
4273,143336
4274,143339
4275,143342
4276,143345
4277,143348
4278,143351
4279,143354
4280,143357
4281,143400
4282,143403
4283,143406
4284,143409
4285,143412
4286,143415
4287,143418
4288,143421
4289,143424
4290,143427
4291,143430
4292,143433
4293,143436
4294,143439
4295,143442
4296,143445
4297,143448
4298,143451
4299,143454
4300,143457
4301,143500
4302,143503
4303,143506
4304,143509
4305,143512
4306,143515
4307,143518
4308,143521
4309,143524
4310,143527
4311,143530
4312,143533
4313,143536
4314,143539
4315,143542
4316,143545
4317,143548
4318,143551
4319,143554
4320,143557
4321,143600
4322,143603
4323,143606
4324,143609
4325,143612
4326,143615
4327,143618
4328,143621
4329,143624
4330,143627
4331,143630
4332,143633
4333,143636
4334,143639
4335,143642
4336,143645
4337,143648
4338,143651
4339,143654
4340,143657
4341,143700
4342,143703
4343,143706
4344,143709
4345,143712
4346,143715
4347,143718
4348,143721
4349,143724
4350,143727
4351,143730
4352,143733
4353,143736
4354,143739
4355,143742
4356,143745
4357,143748
4358,143751
4359,143754
4360,143757
4361,143800
4362,143803
4363,143806
4364,143809
4365,143812
4366,143815
4367,143818
4368,143821
4369,143824
4370,143827
4371,143830
4372,143833
4373,143836
4374,143839
4375,143842
4376,143845
4377,143848
4378,143851
4379,143854
4380,143857
4381,143900
4382,143903
4383,143906
4384,143909
4385,143912
4386,143915
4387,143918
4388,143921
4389,143924
4390,143927
4391,143930
4392,143933
4393,143936
4394,143939
4395,143942
4396,143945
4397,143948
4398,143951
4399,143954
4400,143957
4401,144000
4402,144003
4403,144006
4404,144009
4405,144012
4406,144015
4407,144018
4408,144021
4409,144024
4410,144027
4411,144030
4412,144033
4413,144036
4414,144039
4415,144042
4416,144045
4417,144048
4418,144051
4419,144054
4420,144057
4421,144100
4422,144103
4423,144106
4424,144109
4425,144112
4426,144115
4427,144118
4428,144121
4429,144124
4430,144127
4431,144130
4432,144133
4433,144136
4434,144139
4435,144142
4436,144145
4437,144148
4438,144151
4439,144154
4440,144157
4441,144200
4442,144203
4443,144206
4444,144209
4445,144212
4446,144215
4447,144218
4448,144221
4449,144224
4450,144227
4451,144230
4452,144233
4453,144236
4454,144239
4455,144242
4456,144245
4457,144248
4458,144251
4459,144254
4460,144257
4461,144300
4462,144303
4463,144306
4464,144309
4465,144312
4466,144315
4467,144318
4468,144321
4469,144324
4470,144327
4471,144330
4472,144333
4473,144336
4474,144339
4475,144342
4476,144345
4477,144348
4478,144351
4479,144354
4480,144357
4481,144400
4482,144403
4483,144406
4484,144409
4485,144412
4486,144415
4487,144418
4488,144421
4489,144424
4490,144427
4491,144430
4492,144433
4493,144436
4494,144439
4495,144442
4496,144445
4497,144448
4498,144451
4499,144454
4500,144457
4501,144500
4502,144503
4503,144506
4504,144509
4505,144512
4506,144515
4507,144518
4508,144521
4509,144524
4510,144527
4511,144530
4512,144533
4513,144536
4514,144539
4515,144542
4516,144545
4517,144548
4518,144551
4519,144554
4520,144557
4521,144600
4522,144603
4523,144606
4524,144609
4525,144612
4526,144615
4527,144618
4528,144621
4529,144624
4530,144627
4531,144630
4532,144633
4533,144636
4534,144639
4535,144642
4536,144645
4537,144648
4538,144651
4539,144654
4540,144657
4541,144700
4542,144703
4543,144706
4544,144709
4545,144712
4546,144715
4547,144718
4548,144721
4549,144724
4550,144727
4551,144730
4552,144733
4553,144736
4554,144739
4555,144742
4556,144745
4557,144748
4558,144751
4559,144754
4560,144757
4561,144800
4562,144803
4563,144806
4564,144809
4565,144812
4566,144815
4567,144818
4568,144821
4569,144824
4570,144827
4571,144830
4572,144833
4573,144836
4574,144839
4575,144842
4576,144845
4577,144848
4578,144851
4579,144854
4580,144857
4581,144900
4582,144903
4583,144906
4584,144909
4585,144912
4586,144915
4587,144918
4588,144921
4589,144924
4590,144927
4591,144930
4592,144933
4593,144936
4594,144939
4595,144942
4596,144945
4597,144948
4598,144951
4599,144954
4600,144957
4601,145000
4602,145003
4603,145006
4604,145009
4605,145012
4606,145015
4607,145018
4608,145021
4609,145024
4610,145027
4611,145030
4612,145033
4613,145036
4614,145039
4615,145042
4616,145045
4617,145048
4618,145051
4619,145054
4620,145057
4621,145100
4622,145103
4623,145106
4624,145109
4625,145112
4626,145115
4627,145118
4628,145121
4629,145124
4630,145127
4631,145130
4632,145133
4633,145136
4634,145139
4635,145142
4636,145145
4637,145148
4638,145151
4639,145154
4640,145157
4641,145200
4642,145203
4643,145206
4644,145209
4645,145212
4646,145215
4647,145218
4648,145221
4649,145224
4650,145227
4651,145230
4652,145233
4653,145236
4654,145239
4655,145242
4656,145245
4657,145248
4658,145251
4659,145254
4660,145257
4661,145300
4662,145303
4663,145306
4664,145309
4665,145312
4666,145315
4667,145318
4668,145321
4669,145324
4670,145327
4671,145330
4672,145333
4673,145336
4674,145339
4675,145342
4676,145345
4677,145348
4678,145351
4679,145354
4680,145357
4681,145400
4682,145403
4683,145406
4684,145409
4685,145412
4686,145415
4687,145418
4688,145421
4689,145424
4690,145427
4691,145430
4692,145433
4693,145436
4694,145439
4695,145442
4696,145445
4697,145448
4698,145451
4699,145454
4700,145457
4701,145500
4702,145503
4703,145506
4704,145509
4705,145512
4706,145515
4707,145518
4708,145521
4709,145524
4710,145527
4711,145530
4712,145533
4713,145536
4714,145539
4715,145542
4716,145545
4717,145548
4718,145551
4719,145554
4720,145557
4721,145600
4722,145603
4723,145606
4724,145609
4725,145612
4726,145615
4727,145618
4728,145621
4729,145624
4730,145627
4731,145630
4732,145633
4733,145636
4734,145639
4735,145642
4736,145645
4737,145648
4738,145651
4739,145654
4740,145657
4741,145700
4742,145703
4743,145706
4744,145709
4745,145712
4746,145715
4747,145718
4748,145721
4749,145724
4750,145727
4751,145730
4752,145733
4753,145736
4754,145739
4755,145742
4756,145745
4757,145748
4758,145751
4759,145754
4760,145757
4761,145800
4762,145803
4763,145806
4764,145809
4765,145812
4766,145815
4767,145818
4768,145821
4769,145824
4770,145827
4771,145830
4772,145833
4773,145836
4774,145839
4775,145842
4776,145845
4777,145848
4778,145851
4779,145854
4780,145857
4781,145900
4782,145903
4783,145906
4784,145909
4785,145912
4786,145915
4787,145918
4788,145921
4789,145924
4790,145927
4791,145930
4792,145933
4793,145936
4794,145939
4795,145942
4796,145945
4797,145948
4798,145951
4799,145954
4800,145957
4801,150000
